<?xml version = '1.0' encoding = 'UTF-8'?>
<Diagram class="oracle.dbtools.crest.swingui.logical.DPVLogical" name="Logical" id="3FCC425B-F021-7933-EF4B-CB2491CFC8FD">
<createdBy>raykrishardi</createdBy>
<modifiedBy>raykrishardi</modifiedBy>
<createdTime>2015-10-17 04:29:25 UTC</createdTime>
<autoRoute>false</autoRoute>
<boxInbox>true</boxInbox>
<showLegend>true</showLegend>
<showLabels>false</showLabels>
<showRelAttributes>false</showRelAttributes>
<gridEnabled>false</gridEnabled>
<showGrid>false</showGrid>
<diagramColor>-1</diagramColor>
<legendPosX>1090</legendPosX>
<legendPosY>1420</legendPosY>
<display>false</display>
<notation>2</notation>
<objectViews>
<OView class="oracle.dbtools.crest.swingui.logical.TVEntity" oid="00249A51-D9CB-EC74-B592-1696EE550105" otype="Entity" vid="9C8AA5CE-6924-C7A8-FC52-80E29AB7BFD8">
<hideElementsInCurrentOnly>false</hideElementsInCurrentOnly>
<bounds x="1140" y="457" width="241" height="142"/>
</OView>
<OView class="oracle.dbtools.crest.swingui.logical.TVEntity" oid="00304BC6-7887-33DE-5EAF-99A3F899CCFE" otype="Entity" vid="CF238DB3-6731-1638-75A2-D29309C5DBD0">
<hideElementsInCurrentOnly>false</hideElementsInCurrentOnly>
<bounds x="1056" y="180" width="234" height="98"/>
</OView>
<OView class="oracle.dbtools.crest.swingui.logical.TVEntity" oid="03E9833B-B68A-2EAA-ECF8-7F3A94BF3391" otype="Entity" vid="41CEE6A0-78AC-17ED-9858-31A7E8C710DB">
<hideElementsInCurrentOnly>false</hideElementsInCurrentOnly>
<bounds x="736" y="287" width="293" height="100"/>
</OView>
<OView class="oracle.dbtools.crest.swingui.logical.TVEntity" oid="0C7453D9-F4D1-B79E-2E41-3FF60A00A7E3" otype="Entity" vid="17CD4193-1088-8640-7D1A-D75F90ABB12F">
<hideElementsInCurrentOnly>false</hideElementsInCurrentOnly>
<bounds x="737" y="2" width="247" height="189"/>
</OView>
<OView class="oracle.dbtools.crest.swingui.logical.TVEntity" oid="13D234F4-3A99-A674-EDA3-C718174FE416" otype="Entity" vid="227E0D34-D215-45C7-D5EE-818E19F0FA2B">
<hideElementsInCurrentOnly>false</hideElementsInCurrentOnly>
<bounds x="10" y="306" width="223" height="81"/>
</OView>
<OView class="oracle.dbtools.crest.swingui.logical.TVEntity" oid="145CD082-3006-984E-AAB5-DD449EF873E3" otype="Entity" vid="6A05983B-34E1-4F82-7E5F-89A407232869">
<hideElementsInCurrentOnly>false</hideElementsInCurrentOnly>
<bounds x="15" y="1460" width="262" height="151"/>
</OView>
<OView class="oracle.dbtools.crest.swingui.logical.TVEntity" oid="159A9FFD-9F00-5F87-20C4-15B72B759DF2" otype="Entity" vid="F93BD2EF-669D-7805-3975-E655577728E2">
<hideElementsInCurrentOnly>false</hideElementsInCurrentOnly>
<bounds x="717" y="935" width="259" height="179"/>
</OView>
<OView class="oracle.dbtools.crest.swingui.logical.TVEntity" oid="21E80389-C207-077F-9296-CA362C3870CD" otype="Entity" vid="4ECD3F86-EBA9-C02F-3497-9570C55B42F2">
<hideElementsInCurrentOnly>false</hideElementsInCurrentOnly>
<bounds x="0" y="1011" width="241" height="91"/>
</OView>
<OView class="oracle.dbtools.crest.swingui.logical.TVEntity" oid="2295D4FE-9172-381E-5D08-59960BDE8A91" otype="Entity" vid="554C1308-6190-B48D-0C03-5E1998F6B3CF">
<hideElementsInCurrentOnly>false</hideElementsInCurrentOnly>
<bounds x="27" y="781" width="177" height="109"/>
</OView>
<OView class="oracle.dbtools.crest.swingui.logical.TVEntity" oid="23CA19EF-D656-155D-81F1-D9A8E5B71E02" otype="Entity" vid="9C94A889-05E6-D3E7-D99D-052183753A75">
<hideElementsInCurrentOnly>false</hideElementsInCurrentOnly>
<bounds x="125" y="449" width="233" height="137"/>
</OView>
<OView class="oracle.dbtools.crest.swingui.logical.TVEntity" oid="351B550A-B03D-1209-2B78-FF603321CE2E" otype="Entity" vid="FD7B7212-3415-3EC9-5724-093EDC91CE24">
<hideElementsInCurrentOnly>false</hideElementsInCurrentOnly>
<bounds x="476" y="287" width="221" height="160"/>
</OView>
<OView class="oracle.dbtools.crest.swingui.logical.TVEntity" oid="4C4B60C8-8291-4394-BC3E-DFD862EF16E1" otype="Entity" vid="63DA67DA-A87B-ED51-0939-29A76D24D572">
<hideElementsInCurrentOnly>false</hideElementsInCurrentOnly>
<bounds x="850" y="479" width="203" height="109"/>
</OView>
<OView class="oracle.dbtools.crest.swingui.logical.TVEntity" oid="5DB47D00-4BEB-6C55-776C-A90BA114B338" otype="Entity" vid="61BE7F09-06E5-4416-AE10-AD4AF0EF3863">
<hideElementsInCurrentOnly>false</hideElementsInCurrentOnly>
<bounds x="450" y="527" width="249" height="119"/>
</OView>
<OView class="oracle.dbtools.crest.swingui.logical.TVEntity" oid="674ACA1A-5118-25E9-4717-B41B51362A32" otype="Entity" vid="5CD6D391-A76B-B447-14B5-BA579DE52165">
<hideElementsInCurrentOnly>false</hideElementsInCurrentOnly>
<bounds x="365" y="42" width="228" height="131"/>
</OView>
<OView class="oracle.dbtools.crest.swingui.logical.TVEntity" oid="946C653A-9A85-1548-2A02-3EF2D54957C2" otype="Entity" vid="CE1A8D41-948B-08BB-E218-CC4D8AD84CDD">
<hideElementsInCurrentOnly>false</hideElementsInCurrentOnly>
<bounds x="1033" y="45" width="271" height="86"/>
</OView>
<OView class="oracle.dbtools.crest.swingui.logical.TVEntity" oid="A1C82F77-213B-909F-0EB8-E203E6E6ACF9" otype="Entity" vid="8792B280-2299-30B4-BBBA-9B3CD8D0A834">
<hideElementsInCurrentOnly>false</hideElementsInCurrentOnly>
<bounds x="386" y="711" width="246" height="187"/>
</OView>
<OView class="oracle.dbtools.crest.swingui.logical.TVEntity" oid="B8118E06-4FCE-170F-22D4-B76C250E0B71" otype="Entity" vid="874A98A0-AE0A-B9CE-4075-07A4649405CD">
<hideElementsInCurrentOnly>false</hideElementsInCurrentOnly>
<bounds x="39" y="73" width="189" height="145"/>
</OView>
<OView class="oracle.dbtools.crest.swingui.logical.TVEntity" oid="BC564D71-697C-DFB2-3EA6-FC1A53D8E481" otype="Entity" vid="A7BF37AC-B258-8DE0-55BA-7EE3EF28F676">
<hideElementsInCurrentOnly>false</hideElementsInCurrentOnly>
<bounds x="353" y="940" width="246" height="117"/>
</OView>
<OView class="oracle.dbtools.crest.swingui.logical.TVEntity" oid="C847E18C-EDA5-1F5A-FCCB-C2E5C76AD69F" otype="Entity" vid="58A23808-7F14-8C6F-44B8-09B9C40FE98F">
<hideElementsInCurrentOnly>false</hideElementsInCurrentOnly>
<bounds x="1084" y="299" width="245" height="94"/>
</OView>
<OView class="oracle.dbtools.crest.swingui.logical.TVEntity" oid="D7EC1435-F850-0764-D28D-C4B92E3FF439" otype="Entity" vid="823E3FF9-5944-4BE4-DEFA-C56DF1B0D6AD">
<hideElementsInCurrentOnly>false</hideElementsInCurrentOnly>
<bounds x="423" y="1383" width="258" height="178"/>
</OView>
<OView class="oracle.dbtools.crest.swingui.logical.TVEntity" oid="DF5D71C0-5D0E-14AD-3099-81096520864E" otype="Entity" vid="BDCC0FE9-DB6A-FFE2-7B7D-F30CB731A754">
<hideElementsInCurrentOnly>false</hideElementsInCurrentOnly>
<bounds x="342" y="1114" width="294" height="174"/>
</OView>
<OView class="oracle.dbtools.crest.swingui.logical.TVEntity" oid="EC1748F3-AD53-C9D5-5651-A7F5B0BC342C" otype="Entity" vid="180C1AD3-DBB9-436F-9FF4-ECCF49771C6C">
<hideElementsInCurrentOnly>false</hideElementsInCurrentOnly>
<bounds x="2" y="1167" width="293" height="110"/>
</OView>
<OView class="oracle.dbtools.crest.swingui.logical.TVEntity" oid="F77790E5-27F5-2E06-A82F-6E5152F4BCBE" otype="Entity" vid="74F6B1DC-DC94-AF43-8934-D286653A5775">
<hideElementsInCurrentOnly>false</hideElementsInCurrentOnly>
<bounds x="804" y="625" width="225" height="164"/>
</OView>
<OView class="oracle.dbtools.crest.swingui.TVLegend" oid="FD8C6A39-27C8-4BC4-638F-17C476B921B6" otype="Legend" vid="A521F47D-21E5-79D0-7100-AC69C464CA86">
<hideElementsInCurrentOnly>false</hideElementsInCurrentOnly>
<bounds x="1090" y="1420" width="232" height="135"/>
</OView>
</objectViews>
<connectors>
<Connector class="oracle.dbtools.crest.swingui.logical.TVRelation" oid="03CE489E-C2F3-F6C7-BBDF-123170ED4124" otype="Relation" vid_source="554C1308-6190-B48D-0C03-5E1998F6B3CF" vid_target="4ECD3F86-EBA9-C02F-3497-9570C55B42F2">
<hideElementsInCurrentOnly>false</hideElementsInCurrentOnly>
<lineWidth>1</lineWidth>
<points>
<point x="107" y="890"/>
<point x="107" y="894"/>
<point x="107" y="1102"/>
</points>
</Connector>
<Connector class="oracle.dbtools.crest.swingui.logical.TVRelation" oid="0411B73F-15C4-93FA-9257-4F7E413A248A" otype="Relation" vid_source="F93BD2EF-669D-7805-3975-E655577728E2" vid_target="FD7B7212-3415-3EC9-5724-093EDC91CE24">
<hideElementsInCurrentOnly>false</hideElementsInCurrentOnly>
<lineWidth>1</lineWidth>
<points>
<point x="759" y="935"/>
<point x="759" y="417"/>
<point x="697" y="417"/>
</points>
</Connector>
<Connector class="oracle.dbtools.crest.swingui.logical.TVRelation" oid="0ADAB232-718B-BBC7-A33F-BA2389859FAC" otype="Relation" vid_source="554C1308-6190-B48D-0C03-5E1998F6B3CF" vid_target="227E0D34-D215-45C7-D5EE-818E19F0FA2B">
<hideElementsInCurrentOnly>false</hideElementsInCurrentOnly>
<lineWidth>1</lineWidth>
<points>
<point x="115" y="781"/>
<point x="115" y="387"/>
</points>
</Connector>
<Connector class="oracle.dbtools.crest.swingui.logical.TVRelation" oid="10A864CC-418E-66EA-F169-C54CCB086061" otype="Relation" vid_source="BDCC0FE9-DB6A-FFE2-7B7D-F30CB731A754" vid_target="8792B280-2299-30B4-BBBA-9B3CD8D0A834">
<hideElementsInCurrentOnly>false</hideElementsInCurrentOnly>
<lineWidth>1</lineWidth>
<points>
<point x="614" y="1114"/>
<point x="614" y="1078"/>
<point x="614" y="898"/>
</points>
</Connector>
<Connector class="oracle.dbtools.crest.swingui.logical.TVRelation" oid="1BF40CAF-DE8A-093A-EC00-91CCD26E3C9B" otype="Relation" vid_source="17CD4193-1088-8640-7D1A-D75F90ABB12F" vid_target="41CEE6A0-78AC-17ED-9858-31A7E8C710DB">
<hideElementsInCurrentOnly>false</hideElementsInCurrentOnly>
<lineWidth>1</lineWidth>
<points>
<point x="860" y="191"/>
<point x="860" y="287"/>
</points>
</Connector>
<Connector class="oracle.dbtools.crest.swingui.logical.TVRelation" oid="1E9071B5-38D4-E3CC-C66D-476E88B1ADFF" otype="Relation" vid_source="FD7B7212-3415-3EC9-5724-093EDC91CE24" vid_target="63DA67DA-A87B-ED51-0939-29A76D24D572">
<hideElementsInCurrentOnly>false</hideElementsInCurrentOnly>
<lineWidth>1</lineWidth>
<points>
<point x="629" y="447"/>
<point x="629" y="497"/>
<point x="850" y="497"/>
</points>
</Connector>
<Connector class="oracle.dbtools.crest.swingui.logical.TVRelation" oid="209A35AA-C84E-35AB-E6A0-1CF95E4A2F0B" otype="Relation" vid_source="5CD6D391-A76B-B447-14B5-BA579DE52165" vid_target="17CD4193-1088-8640-7D1A-D75F90ABB12F">
<hideElementsInCurrentOnly>false</hideElementsInCurrentOnly>
<lineWidth>1</lineWidth>
<points>
<point x="593" y="93"/>
<point x="660" y="93"/>
<point x="737" y="93"/>
</points>
</Connector>
<Connector class="oracle.dbtools.crest.swingui.logical.TVRelation" oid="2F971938-06E7-C43B-DEE6-4FDA728B4DC5" otype="Relation" vid_source="CF238DB3-6731-1638-75A2-D29309C5DBD0" vid_target="CE1A8D41-948B-08BB-E218-CC4D8AD84CDD">
<hideElementsInCurrentOnly>false</hideElementsInCurrentOnly>
<lineWidth>1</lineWidth>
<points>
<point x="1173" y="180"/>
<point x="1173" y="131"/>
</points>
</Connector>
<Connector class="oracle.dbtools.crest.swingui.logical.TVRelation" oid="3D65AB23-47EE-74E2-CDD4-BAD29750524E" otype="Relation" vid_source="8792B280-2299-30B4-BBBA-9B3CD8D0A834" vid_target="823E3FF9-5944-4BE4-DEFA-C56DF1B0D6AD">
<hideElementsInCurrentOnly>false</hideElementsInCurrentOnly>
<lineWidth>1</lineWidth>
<points>
<point x="632" y="876"/>
<point x="655" y="876"/>
<point x="655" y="1383"/>
</points>
</Connector>
<Connector class="oracle.dbtools.crest.swingui.logical.TVRelation" oid="3FC11F6A-1A35-9154-6E39-A5347F70270D" otype="Relation" vid_source="823E3FF9-5944-4BE4-DEFA-C56DF1B0D6AD" vid_target="9C94A889-05E6-D3E7-D99D-052183753A75">
<hideElementsInCurrentOnly>false</hideElementsInCurrentOnly>
<lineWidth>1</lineWidth>
<points>
<point x="423" y="1450"/>
<point x="314" y="1450"/>
<point x="314" y="586"/>
</points>
</Connector>
<Connector class="oracle.dbtools.crest.swingui.logical.TVRelation" oid="488D62A6-A184-1C15-40C0-77FDADBA790E" otype="Relation" vid_source="8792B280-2299-30B4-BBBA-9B3CD8D0A834" vid_target="74F6B1DC-DC94-AF43-8934-D286653A5775">
<hideElementsInCurrentOnly>false</hideElementsInCurrentOnly>
<lineWidth>1</lineWidth>
<points>
<point x="632" y="829"/>
<point x="845" y="829"/>
<point x="845" y="789"/>
</points>
</Connector>
<Connector class="oracle.dbtools.crest.swingui.logical.TVRelation" oid="4A1D2626-6A11-5494-5E86-78CAABDFF3AE" otype="Relation" vid_source="A7BF37AC-B258-8DE0-55BA-7EE3EF28F676" vid_target="BDCC0FE9-DB6A-FFE2-7B7D-F30CB731A754">
<hideElementsInCurrentOnly>false</hideElementsInCurrentOnly>
<lineWidth>1</lineWidth>
<points>
<point x="476" y="1057"/>
<point x="476" y="1114"/>
</points>
</Connector>
<Connector class="oracle.dbtools.crest.swingui.logical.TVRelation" oid="5744FA53-0D8F-8952-5E44-718B44A36B5D" otype="Relation" vid_source="874A98A0-AE0A-B9CE-4075-07A4649405CD" vid_target="8792B280-2299-30B4-BBBA-9B3CD8D0A834">
<hideElementsInCurrentOnly>false</hideElementsInCurrentOnly>
<lineWidth>1</lineWidth>
<points>
<point x="228" y="191"/>
<point x="415" y="191"/>
<point x="415" y="711"/>
</points>
</Connector>
<Connector class="oracle.dbtools.crest.swingui.logical.TVRelation" oid="6D7C4C1F-D9F1-9B7E-9E5B-9F61C39375DF" otype="Relation" vid_source="9C94A889-05E6-D3E7-D99D-052183753A75" vid_target="227E0D34-D215-45C7-D5EE-818E19F0FA2B">
<hideElementsInCurrentOnly>false</hideElementsInCurrentOnly>
<lineWidth>1</lineWidth>
<points>
<point x="179" y="449"/>
<point x="179" y="387"/>
</points>
</Connector>
<Connector class="oracle.dbtools.crest.swingui.logical.TVRelation" oid="92CBFB3B-5836-D702-2FFE-8A1CDB4D4D01" otype="Relation" vid_source="58A23808-7F14-8C6F-44B8-09B9C40FE98F" vid_target="41CEE6A0-78AC-17ED-9858-31A7E8C710DB">
<hideElementsInCurrentOnly>false</hideElementsInCurrentOnly>
<lineWidth>1</lineWidth>
<points>
<point x="1084" y="343"/>
<point x="1029" y="343"/>
</points>
</Connector>
<Connector class="oracle.dbtools.crest.swingui.logical.TVRelation" oid="94A86A77-1FF6-D88A-C82C-98309B1BA170" otype="Relation" vid_source="F93BD2EF-669D-7805-3975-E655577728E2" vid_target="74F6B1DC-DC94-AF43-8934-D286653A5775">
<hideElementsInCurrentOnly>false</hideElementsInCurrentOnly>
<lineWidth>1</lineWidth>
<points>
<point x="890" y="935"/>
<point x="890" y="789"/>
</points>
</Connector>
<Connector class="oracle.dbtools.crest.swingui.logical.TVRelation" oid="9B76213B-1D31-A09C-ADC4-4FB9BA6319CD" otype="Relation" vid_source="8792B280-2299-30B4-BBBA-9B3CD8D0A834" vid_target="61BE7F09-06E5-4416-AE10-AD4AF0EF3863">
<hideElementsInCurrentOnly>false</hideElementsInCurrentOnly>
<lineWidth>1</lineWidth>
<points>
<point x="541" y="711"/>
<point x="541" y="646"/>
</points>
</Connector>
<Connector class="oracle.dbtools.crest.swingui.logical.TVRelation" oid="B1380D71-9784-C748-B225-FED70A0C543C" otype="Relation" vid_source="4ECD3F86-EBA9-C02F-3497-9570C55B42F2" vid_target="180C1AD3-DBB9-436F-9FF4-ECCF49771C6C">
<hideElementsInCurrentOnly>false</hideElementsInCurrentOnly>
<lineWidth>1</lineWidth>
<points>
<point x="121" y="1102"/>
<point x="121" y="1167"/>
</points>
</Connector>
<Connector class="oracle.dbtools.crest.swingui.logical.TVRelation" oid="B61156B2-B17B-3D69-E5F2-480DD397296E" otype="Relation" vid_source="A7BF37AC-B258-8DE0-55BA-7EE3EF28F676" vid_target="180C1AD3-DBB9-436F-9FF4-ECCF49771C6C">
<hideElementsInCurrentOnly>false</hideElementsInCurrentOnly>
<lineWidth>1</lineWidth>
<points>
<point x="353" y="978"/>
<point x="257" y="978"/>
<point x="257" y="1277"/>
</points>
</Connector>
<Connector class="oracle.dbtools.crest.swingui.logical.TVRelation" oid="BA09B46E-18E6-7D64-2748-683C23BB446F" otype="Relation" vid_source="17CD4193-1088-8640-7D1A-D75F90ABB12F" vid_target="9C94A889-05E6-D3E7-D99D-052183753A75">
<hideElementsInCurrentOnly>false</hideElementsInCurrentOnly>
<lineWidth>1</lineWidth>
<points>
<point x="737" y="177"/>
<point x="254" y="177"/>
<point x="254" y="449"/>
</points>
</Connector>
<Connector class="oracle.dbtools.crest.swingui.logical.TVRelation" oid="BC631F41-FD18-56B0-8F01-9D53F6A5B05B" otype="Relation" vid_source="FD7B7212-3415-3EC9-5724-093EDC91CE24" vid_target="61BE7F09-06E5-4416-AE10-AD4AF0EF3863">
<hideElementsInCurrentOnly>false</hideElementsInCurrentOnly>
<lineWidth>1</lineWidth>
<points>
<point x="586" y="447"/>
<point x="586" y="527"/>
</points>
</Connector>
<Connector class="oracle.dbtools.crest.swingui.logical.TVRelation" oid="BD69A382-8A82-8CA0-78FC-83746EBA9C21" otype="Relation" vid_source="9C8AA5CE-6924-C7A8-FC52-80E29AB7BFD8" vid_target="63DA67DA-A87B-ED51-0939-29A76D24D572">
<hideElementsInCurrentOnly>false</hideElementsInCurrentOnly>
<lineWidth>1</lineWidth>
<points>
<point x="1140" y="532"/>
<point x="1080" y="532"/>
<point x="1053" y="532"/>
</points>
</Connector>
<Connector class="oracle.dbtools.crest.swingui.logical.TVRelation" oid="BDAE16B6-22EA-F97A-C03F-BDA1AF470332" otype="Relation" vid_source="874A98A0-AE0A-B9CE-4075-07A4649405CD" vid_target="5CD6D391-A76B-B447-14B5-BA579DE52165">
<hideElementsInCurrentOnly>false</hideElementsInCurrentOnly>
<lineWidth>1</lineWidth>
<points>
<point x="228" y="112"/>
<point x="300" y="112"/>
<point x="365" y="112"/>
</points>
</Connector>
<Connector class="oracle.dbtools.crest.swingui.logical.TVRelation" oid="D33E24DD-459F-40AE-AFE9-B1C7A0F66007" otype="Relation" vid_source="6A05983B-34E1-4F82-7E5F-89A407232869" vid_target="823E3FF9-5944-4BE4-DEFA-C56DF1B0D6AD">
<hideElementsInCurrentOnly>false</hideElementsInCurrentOnly>
<lineWidth>1</lineWidth>
<points>
<point x="277" y="1510"/>
<point x="423" y="1510"/>
</points>
</Connector>
<Connector class="oracle.dbtools.crest.swingui.logical.TVRelation" oid="D5ABB7E2-9577-3FA2-2032-A4CFA392C6D5" otype="Relation" vid_source="BDCC0FE9-DB6A-FFE2-7B7D-F30CB731A754" vid_target="823E3FF9-5944-4BE4-DEFA-C56DF1B0D6AD">
<hideElementsInCurrentOnly>false</hideElementsInCurrentOnly>
<lineWidth>1</lineWidth>
<points>
<point x="520" y="1288"/>
<point x="520" y="1340"/>
<point x="520" y="1383"/>
</points>
</Connector>
<Connector class="oracle.dbtools.crest.swingui.logical.TVRelation" oid="F54EEAD2-2BBA-EC61-F76A-8D732AD4F9F1" otype="Relation" vid_source="17CD4193-1088-8640-7D1A-D75F90ABB12F" vid_target="CE1A8D41-948B-08BB-E218-CC4D8AD84CDD">
<hideElementsInCurrentOnly>false</hideElementsInCurrentOnly>
<lineWidth>1</lineWidth>
<points>
<point x="984" y="88"/>
<point x="1033" y="88"/>
</points>
</Connector>
<Connector class="oracle.dbtools.crest.swingui.logical.TVRelation" oid="F6F3F0CE-BB8A-819D-A4CA-392FA32517CE" otype="Relation" vid_source="17CD4193-1088-8640-7D1A-D75F90ABB12F" vid_target="FD7B7212-3415-3EC9-5724-093EDC91CE24">
<hideElementsInCurrentOnly>false</hideElementsInCurrentOnly>
<lineWidth>1</lineWidth>
<points>
<point x="737" y="121"/>
<point x="617" y="121"/>
<point x="617" y="287"/>
</points>
</Connector>
<Connector class="oracle.dbtools.crest.swingui.logical.TVRelation" oid="FE239D27-70D6-9B80-8450-1F5CDDDE4DB2" otype="Relation" vid_source="17CD4193-1088-8640-7D1A-D75F90ABB12F" vid_target="874A98A0-AE0A-B9CE-4075-07A4649405CD">
<hideElementsInCurrentOnly>false</hideElementsInCurrentOnly>
<lineWidth>1</lineWidth>
<points>
<point x="737" y="21"/>
<point x="111" y="21"/>
<point x="111" y="73"/>
</points>
</Connector>
</connectors>
</Diagram>