<?xml version = '1.0' encoding = 'UTF-8'?>
<Relation class="oracle.dbtools.crest.model.design.logical.Relation" name="part_supplier" directorySegmentName="seg_0" id="03CE489E-C2F3-F6C7-BBDF-123170ED4124">
<createdBy>raykrishardi</createdBy>
<createdTime>2015-10-22 10:46:01 UTC</createdTime>
<ownerDesignName>logical_model</ownerDesignName>
<engineerTo>
<item key="7D244578-F146-DE18-5D12-95A53A971BD5" value="true"/>
</engineerTo>
<sourcePk>FBC0E880-99A4-13BF-C20F-E9AE2556BD06</sourcePk>
<targetPk>21208FB4-7504-F70A-1DD7-A2CF122A54C6</targetPk>
<identifying>false</identifying>
<optionalSource>false</optionalSource>
<optionalTarget>false</optionalTarget>
<sourceCardinality>*</sourceCardinality>
<sourceEntity>2295D4FE-9172-381E-5D08-59960BDE8A91</sourceEntity>
<targetCardinalityString>1</targetCardinalityString>
<targetEntity>21E80389-C207-077F-9296-CA362C3870CD</targetEntity>
<transferable>true</transferable>
</Relation>