<?xml version = '1.0' encoding = 'UTF-8'?>
<Relation class="oracle.dbtools.crest.model.design.logical.Relation" name="customer_sales" directorySegmentName="seg_0" id="0411B73F-15C4-93FA-9257-4F7E413A248A">
<createdBy>raykrishardi</createdBy>
<createdTime>2015-10-20 12:13:33 UTC</createdTime>
<ownerDesignName>logical_model</ownerDesignName>
<engineerTo>
<item key="7D244578-F146-DE18-5D12-95A53A971BD5" value="true"/>
</engineerTo>
<sourcePk>CF7DD048-83E0-10D7-F0D9-D49CD17D5CEA</sourcePk>
<identifying>false</identifying>
<optionalSource>false</optionalSource>
<optionalTarget>false</optionalTarget>
<sourceCardinality>1</sourceCardinality>
<sourceEntity>159A9FFD-9F00-5F87-20C4-15B72B759DF2</sourceEntity>
<targetCardinalityString>*</targetCardinalityString>
<targetEntity>351B550A-B03D-1209-2B78-FF603321CE2E</targetEntity>
<transferable>true</transferable>
</Relation>