<?xml version = '1.0' encoding = 'UTF-8'?>
<Relation class="oracle.dbtools.crest.model.design.logical.Relation" name="parts_valuation" directorySegmentName="seg_0" id="0ADAB232-718B-BBC7-A33F-BA2389859FAC">
<createdBy>raykrishardi</createdBy>
<createdTime>2015-10-17 05:46:15 UTC</createdTime>
<ownerDesignName>logical_model</ownerDesignName>
<engineerTo>
<item key="7D244578-F146-DE18-5D12-95A53A971BD5" value="true"/>
</engineerTo>
<sourcePk>FBC0E880-99A4-13BF-C20F-E9AE2556BD06</sourcePk>
<identifying>true</identifying>
<optionalSource>false</optionalSource>
<optionalTarget>false</optionalTarget>
<sourceCardinality>1</sourceCardinality>
<sourceEntity>2295D4FE-9172-381E-5D08-59960BDE8A91</sourceEntity>
<targetCardinalityString>*</targetCardinalityString>
<targetEntity>13D234F4-3A99-A674-EDA3-C718174FE416</targetEntity>
<transferable>true</transferable>
</Relation>