<?xml version = '1.0' encoding = 'UTF-8'?>
<Relation class="oracle.dbtools.crest.model.design.logical.Relation" name="model_vehicle" directorySegmentName="seg_0" id="10A864CC-418E-66EA-F169-C54CCB086061">
<createdBy>raykrishardi</createdBy>
<createdTime>2015-10-17 05:27:41 UTC</createdTime>
<ownerDesignName>logical_model</ownerDesignName>
<engineerTo>
<item key="7D244578-F146-DE18-5D12-95A53A971BD5" value="true"/>
</engineerTo>
<sourcePk>8444B230-03AD-0435-9C69-CB460834EC09</sourcePk>
<identifying>false</identifying>
<optionalSource>false</optionalSource>
<optionalTarget>false</optionalTarget>
<sourceCardinality>1</sourceCardinality>
<sourceEntity>DF5D71C0-5D0E-14AD-3099-81096520864E</sourceEntity>
<targetCardinalityString>*</targetCardinalityString>
<targetEntity>A1C82F77-213B-909F-0EB8-E203E6E6ACF9</targetEntity>
<transferable>true</transferable>
</Relation>