<?xml version = '1.0' encoding = 'UTF-8'?>
<Relation class="oracle.dbtools.crest.model.design.logical.Relation" name="employee_qualificationv1" directorySegmentName="seg_0" id="1BF40CAF-DE8A-093A-EC00-91CCD26E3C9B">
<createdBy>raykrishardi</createdBy>
<createdTime>2015-10-17 04:32:49 UTC</createdTime>
<ownerDesignName>logical_model</ownerDesignName>
<engineerTo>
<item key="7D244578-F146-DE18-5D12-95A53A971BD5" value="true"/>
</engineerTo>
<sourcePk>0DD19072-DA3B-94E0-F874-2F2F56624DE5</sourcePk>
<identifying>true</identifying>
<optionalSource>true</optionalSource>
<optionalTarget>false</optionalTarget>
<sourceCardinality>1</sourceCardinality>
<sourceEntity>0C7453D9-F4D1-B79E-2E41-3FF60A00A7E3</sourceEntity>
<targetCardinalityString>*</targetCardinalityString>
<targetEntity>03E9833B-B68A-2EAA-ECF8-7F3A94BF3391</targetEntity>
<transferable>true</transferable>
</Relation>