<?xml version = '1.0' encoding = 'UTF-8'?>
<Relation class="oracle.dbtools.crest.model.design.logical.Relation" name="sales_paymentv1" directorySegmentName="seg_0" id="1E9071B5-38D4-E3CC-C66D-476E88B1ADFF">
<createdBy>raykrishardi</createdBy>
<createdTime>2015-10-20 12:23:59 UTC</createdTime>
<ownerDesignName>logical_model</ownerDesignName>
<engineerTo>
<item key="7D244578-F146-DE18-5D12-95A53A971BD5" value="true"/>
</engineerTo>
<sourcePk>BF7174D8-24CC-2CC2-B01C-06C3CCFE911F</sourcePk>
<identifying>true</identifying>
<optionalSource>false</optionalSource>
<optionalTarget>false</optionalTarget>
<sourceCardinality>1</sourceCardinality>
<sourceEntity>351B550A-B03D-1209-2B78-FF603321CE2E</sourceEntity>
<targetCardinalityString>*</targetCardinalityString>
<targetEntity>4C4B60C8-8291-4394-BC3E-DFD862EF16E1</targetEntity>
<transferable>true</transferable>
</Relation>