<?xml version = '1.0' encoding = 'UTF-8'?>
<Relation class="oracle.dbtools.crest.model.design.logical.Relation" name="employee_department" directorySegmentName="seg_0" id="209A35AA-C84E-35AB-E6A0-1CF95E4A2F0B">
<createdBy>raykrishardi</createdBy>
<createdTime>2015-10-17 04:29:25 UTC</createdTime>
<generatorID>0349E296-1775-BFA7-52EE-49E2082DC82A</generatorID>
<ownerDesignName>logical_model</ownerDesignName>
<engineerTo>
<item key="7D244578-F146-DE18-5D12-95A53A971BD5" value="true"/>
</engineerTo>
<sourcePk>3294EB1F-6355-D4C7-1E56-C03B54782865</sourcePk>
<identifying>false</identifying>
<optionalSource>false</optionalSource>
<optionalTarget>false</optionalTarget>
<sourceCardinality>1</sourceCardinality>
<sourceEntity>674ACA1A-5118-25E9-4717-B41B51362A32</sourceEntity>
<targetCardinalityString>*</targetCardinalityString>
<targetEntity>0C7453D9-F4D1-B79E-2E41-3FF60A00A7E3</targetEntity>
<transferable>true</transferable>
</Relation>