<?xml version = '1.0' encoding = 'UTF-8'?>
<Relation class="oracle.dbtools.crest.model.design.logical.Relation" name="certificate_employee" directorySegmentName="seg_0" id="2F971938-06E7-C43B-DEE6-4FDA728B4DC5">
<createdBy>raykrishardi</createdBy>
<createdTime>2015-10-17 04:34:04 UTC</createdTime>
<ownerDesignName>logical_model</ownerDesignName>
<engineerTo>
<item key="7D244578-F146-DE18-5D12-95A53A971BD5" value="true"/>
</engineerTo>
<sourcePk>09FD9558-2E6B-572E-12AB-1B3B53153CCF</sourcePk>
<identifying>true</identifying>
<optionalSource>true</optionalSource>
<optionalTarget>false</optionalTarget>
<sourceCardinality>1</sourceCardinality>
<sourceEntity>00304BC6-7887-33DE-5EAF-99A3F899CCFE</sourceEntity>
<targetCardinalityString>*</targetCardinalityString>
<targetEntity>946C653A-9A85-1548-2A02-3EF2D54957C2</targetEntity>
<transferable>true</transferable>
</Relation>