<?xml version = '1.0' encoding = 'UTF-8'?>
<Relation class="oracle.dbtools.crest.model.design.logical.Relation" name="vehicle_secondhandvehicle" directorySegmentName="seg_0" id="3D65AB23-47EE-74E2-CDD4-BAD29750524E">
<createdBy>raykrishardi</createdBy>
<createdTime>2015-10-22 10:41:43 UTC</createdTime>
<ownerDesignName>logical_model</ownerDesignName>
<engineerTo>
<item key="7D244578-F146-DE18-5D12-95A53A971BD5" value="true"/>
</engineerTo>
<sourcePk>5D196C47-836B-EEC4-D00D-E40082387C8A</sourcePk>
<identifying>false</identifying>
<optionalSource>true</optionalSource>
<optionalTarget>false</optionalTarget>
<sourceCardinality>1</sourceCardinality>
<sourceEntity>A1C82F77-213B-909F-0EB8-E203E6E6ACF9</sourceEntity>
<targetCardinalityString>*</targetCardinalityString>
<targetEntity>D7EC1435-F850-0764-D28D-C4B92E3FF439</targetEntity>
<transferable>true</transferable>
</Relation>