<?xml version = '1.0' encoding = 'UTF-8'?>
<Relation class="oracle.dbtools.crest.model.design.logical.Relation" name="valuation_secondhandvehicle" directorySegmentName="seg_0" id="3FC11F6A-1A35-9154-6E39-A5347F70270D">
<createdBy>raykrishardi</createdBy>
<createdTime>2015-10-22 10:42:04 UTC</createdTime>
<ownerDesignName>logical_model</ownerDesignName>
<engineerTo>
<item key="7D244578-F146-DE18-5D12-95A53A971BD5" value="true"/>
</engineerTo>
<sourcePk>4E39E9C1-1521-5B22-D254-302D5BA98D13</sourcePk>
<identifying>false</identifying>
<optionalSource>false</optionalSource>
<optionalTarget>false</optionalTarget>
<sourceCardinality>1</sourceCardinality>
<sourceEntity>D7EC1435-F850-0764-D28D-C4B92E3FF439</sourceEntity>
<targetCardinalityString>*</targetCardinalityString>
<targetEntity>23CA19EF-D656-155D-81F1-D9A8E5B71E02</targetEntity>
<transferable>true</transferable>
</Relation>