<?xml version = '1.0' encoding = 'UTF-8'?>
<Relation class="oracle.dbtools.crest.model.design.logical.Relation" name="testDrive_vehicle" directorySegmentName="seg_0" id="488D62A6-A184-1C15-40C0-77FDADBA790E">
<createdBy>raykrishardi</createdBy>
<createdTime>2015-10-22 10:29:53 UTC</createdTime>
<ownerDesignName>logical_model</ownerDesignName>
<engineerTo>
<item key="7D244578-F146-DE18-5D12-95A53A971BD5" value="true"/>
</engineerTo>
<sourcePk>5D196C47-836B-EEC4-D00D-E40082387C8A</sourcePk>
<identifying>false</identifying>
<optionalSource>true</optionalSource>
<optionalTarget>false</optionalTarget>
<sourceCardinality>1</sourceCardinality>
<sourceEntity>A1C82F77-213B-909F-0EB8-E203E6E6ACF9</sourceEntity>
<targetCardinalityString>*</targetCardinalityString>
<targetEntity>F77790E5-27F5-2E06-A82F-6E5152F4BCBE</targetEntity>
<transferable>true</transferable>
</Relation>