<?xml version = '1.0' encoding = 'UTF-8'?>
<Relation class="oracle.dbtools.crest.model.design.logical.Relation" name="manufacturer_model" directorySegmentName="seg_0" id="4A1D2626-6A11-5494-5E86-78CAABDFF3AE">
<createdBy>raykrishardi</createdBy>
<createdTime>2015-10-17 05:27:10 UTC</createdTime>
<ownerDesignName>logical_model</ownerDesignName>
<engineerTo>
<item key="7D244578-F146-DE18-5D12-95A53A971BD5" value="true"/>
</engineerTo>
<sourcePk>71A7A7E0-BFD3-CB2B-B14B-04B15D1E361B</sourcePk>
<identifying>false</identifying>
<optionalSource>false</optionalSource>
<optionalTarget>false</optionalTarget>
<sourceCardinality>1</sourceCardinality>
<sourceEntity>BC564D71-697C-DFB2-3EA6-FC1A53D8E481</sourceEntity>
<targetCardinalityString>*</targetCardinalityString>
<targetEntity>DF5D71C0-5D0E-14AD-3099-81096520864E</targetEntity>
<transferable>true</transferable>
</Relation>