<?xml version = '1.0' encoding = 'UTF-8'?>
<Relation class="oracle.dbtools.crest.model.design.logical.Relation" name="vehicle_branch" directorySegmentName="seg_0" id="5744FA53-0D8F-8952-5E44-718B44A36B5D">
<createdBy>raykrishardi</createdBy>
<createdTime>2015-10-22 10:54:09 UTC</createdTime>
<ownerDesignName>logical_model</ownerDesignName>
<engineerTo>
<item key="7D244578-F146-DE18-5D12-95A53A971BD5" value="true"/>
</engineerTo>
<sourcePk>B8541ADA-842A-4F5E-4D93-5313E7A4512C</sourcePk>
<identifying>false</identifying>
<optionalSource>false</optionalSource>
<optionalTarget>false</optionalTarget>
<sourceCardinality>1</sourceCardinality>
<sourceEntity>B8118E06-4FCE-170F-22D4-B76C250E0B71</sourceEntity>
<targetCardinalityString>*</targetCardinalityString>
<targetEntity>A1C82F77-213B-909F-0EB8-E203E6E6ACF9</targetEntity>
<transferable>true</transferable>
</Relation>