<?xml version = '1.0' encoding = 'UTF-8'?>
<Relation class="oracle.dbtools.crest.model.design.logical.Relation" name="valuation_parts" directorySegmentName="seg_0" id="6D7C4C1F-D9F1-9B7E-9E5B-9F61C39375DF">
<createdBy>raykrishardi</createdBy>
<createdTime>2015-10-17 05:46:29 UTC</createdTime>
<ownerDesignName>logical_model</ownerDesignName>
<engineerTo>
<item key="7D244578-F146-DE18-5D12-95A53A971BD5" value="true"/>
</engineerTo>
<sourcePk>98B7E9D5-3990-4185-8BAE-A33D356EF917</sourcePk>
<identifying>true</identifying>
<optionalSource>false</optionalSource>
<optionalTarget>false</optionalTarget>
<sourceCardinality>1</sourceCardinality>
<sourceEntity>23CA19EF-D656-155D-81F1-D9A8E5B71E02</sourceEntity>
<targetCardinalityString>*</targetCardinalityString>
<targetEntity>13D234F4-3A99-A674-EDA3-C718174FE416</targetEntity>
<transferable>true</transferable>
</Relation>