<?xml version = '1.0' encoding = 'UTF-8'?>
<Relation class="oracle.dbtools.crest.model.design.logical.Relation" name="employee_qualification" directorySegmentName="seg_0" id="92CBFB3B-5836-D702-2FFE-8A1CDB4D4D01">
<createdBy>raykrishardi</createdBy>
<createdTime>2015-10-17 04:32:05 UTC</createdTime>
<ownerDesignName>logical_model</ownerDesignName>
<engineerTo>
<item key="7D244578-F146-DE18-5D12-95A53A971BD5" value="true"/>
</engineerTo>
<sourcePk>DA02B872-F90E-EDE6-E65B-CF6953FAA07B</sourcePk>
<identifying>true</identifying>
<optionalSource>true</optionalSource>
<optionalTarget>false</optionalTarget>
<sourceCardinality>1</sourceCardinality>
<sourceEntity>C847E18C-EDA5-1F5A-FCCB-C2E5C76AD69F</sourceEntity>
<targetCardinalityString>*</targetCardinalityString>
<targetEntity>03E9833B-B68A-2EAA-ECF8-7F3A94BF3391</targetEntity>
<transferable>true</transferable>
</Relation>