<?xml version = '1.0' encoding = 'UTF-8'?>
<Relation class="oracle.dbtools.crest.model.design.logical.Relation" name="testDrive_customer" directorySegmentName="seg_0" id="94A86A77-1FF6-D88A-C82C-98309B1BA170">
<createdBy>raykrishardi</createdBy>
<createdTime>2015-10-22 10:30:07 UTC</createdTime>
<ownerDesignName>logical_model</ownerDesignName>
<engineerTo>
<item key="7D244578-F146-DE18-5D12-95A53A971BD5" value="true"/>
</engineerTo>
<sourcePk>CF7DD048-83E0-10D7-F0D9-D49CD17D5CEA</sourcePk>
<identifying>false</identifying>
<optionalSource>true</optionalSource>
<optionalTarget>false</optionalTarget>
<sourceCardinality>1</sourceCardinality>
<sourceEntity>159A9FFD-9F00-5F87-20C4-15B72B759DF2</sourceEntity>
<targetCardinalityString>*</targetCardinalityString>
<targetEntity>F77790E5-27F5-2E06-A82F-6E5152F4BCBE</targetEntity>
<transferable>true</transferable>
</Relation>