<?xml version = '1.0' encoding = 'UTF-8'?>
<Relation class="oracle.dbtools.crest.model.design.logical.Relation" name="sales_vehicle" directorySegmentName="seg_0" id="9B76213B-1D31-A09C-ADC4-4FB9BA6319CD">
<createdBy>raykrishardi</createdBy>
<createdTime>2015-10-20 12:15:45 UTC</createdTime>
<ownerDesignName>logical_model</ownerDesignName>
<engineerTo>
<item key="7D244578-F146-DE18-5D12-95A53A971BD5" value="true"/>
</engineerTo>
<sourcePk>5D196C47-836B-EEC4-D00D-E40082387C8A</sourcePk>
<identifying>true</identifying>
<optionalSource>false</optionalSource>
<optionalTarget>false</optionalTarget>
<sourceCardinality>1</sourceCardinality>
<sourceEntity>A1C82F77-213B-909F-0EB8-E203E6E6ACF9</sourceEntity>
<targetCardinalityString>*</targetCardinalityString>
<targetEntity>5DB47D00-4BEB-6C55-776C-A90BA114B338</targetEntity>
<transferable>true</transferable>
</Relation>