<?xml version = '1.0' encoding = 'UTF-8'?>
<Relation class="oracle.dbtools.crest.model.design.logical.Relation" name="supplier_manufacturerv1" directorySegmentName="seg_0" id="B1380D71-9784-C748-B225-FED70A0C543C">
<createdBy>raykrishardi</createdBy>
<createdTime>2015-10-22 15:45:10 UTC</createdTime>
<ownerDesignName>logical_model</ownerDesignName>
<engineerTo>
<item key="7D244578-F146-DE18-5D12-95A53A971BD5" value="true"/>
</engineerTo>
<sourcePk>21208FB4-7504-F70A-1DD7-A2CF122A54C6</sourcePk>
<identifying>true</identifying>
<optionalSource>true</optionalSource>
<optionalTarget>false</optionalTarget>
<sourceCardinality>1</sourceCardinality>
<sourceEntity>21E80389-C207-077F-9296-CA362C3870CD</sourceEntity>
<targetCardinalityString>*</targetCardinalityString>
<targetEntity>EC1748F3-AD53-C9D5-5651-A7F5B0BC342C</targetEntity>
<transferable>true</transferable>
</Relation>