<?xml version = '1.0' encoding = 'UTF-8'?>
<Relation class="oracle.dbtools.crest.model.design.logical.Relation" name="supplier_manufacturerv2" directorySegmentName="seg_0" id="B61156B2-B17B-3D69-E5F2-480DD397296E">
<createdBy>raykrishardi</createdBy>
<createdTime>2015-10-22 15:45:24 UTC</createdTime>
<ownerDesignName>logical_model</ownerDesignName>
<engineerTo>
<item key="7D244578-F146-DE18-5D12-95A53A971BD5" value="true"/>
</engineerTo>
<sourcePk>71A7A7E0-BFD3-CB2B-B14B-04B15D1E361B</sourcePk>
<identifying>true</identifying>
<optionalSource>true</optionalSource>
<optionalTarget>false</optionalTarget>
<sourceCardinality>1</sourceCardinality>
<sourceEntity>BC564D71-697C-DFB2-3EA6-FC1A53D8E481</sourceEntity>
<targetCardinalityString>*</targetCardinalityString>
<targetEntity>EC1748F3-AD53-C9D5-5651-A7F5B0BC342C</targetEntity>
<transferable>true</transferable>
</Relation>