<?xml version = '1.0' encoding = 'UTF-8'?>
<Relation class="oracle.dbtools.crest.model.design.logical.Relation" name="employee_valuation(mechanic)" directorySegmentName="seg_0" id="BA09B46E-18E6-7D64-2748-683C23BB446F">
<createdBy>raykrishardi</createdBy>
<createdTime>2015-10-17 05:49:49 UTC</createdTime>
<ownerDesignName>logical_model</ownerDesignName>
<engineerTo>
<item key="7D244578-F146-DE18-5D12-95A53A971BD5" value="true"/>
</engineerTo>
<sourcePk>0DD19072-DA3B-94E0-F874-2F2F56624DE5</sourcePk>
<identifying>false</identifying>
<optionalSource>true</optionalSource>
<optionalTarget>false</optionalTarget>
<sourceCardinality>1</sourceCardinality>
<sourceEntity>0C7453D9-F4D1-B79E-2E41-3FF60A00A7E3</sourceEntity>
<targetCardinalityString>*</targetCardinalityString>
<targetEntity>23CA19EF-D656-155D-81F1-D9A8E5B71E02</targetEntity>
<transferable>true</transferable>
</Relation>