<?xml version = '1.0' encoding = 'UTF-8'?>
<Relation class="oracle.dbtools.crest.model.design.logical.Relation" name="sales_vehiclev1" directorySegmentName="seg_0" id="BC631F41-FD18-56B0-8F01-9D53F6A5B05B">
<createdBy>raykrishardi</createdBy>
<createdTime>2015-10-20 12:15:55 UTC</createdTime>
<ownerDesignName>logical_model</ownerDesignName>
<engineerTo>
<item key="7D244578-F146-DE18-5D12-95A53A971BD5" value="true"/>
</engineerTo>
<sourcePk>BF7174D8-24CC-2CC2-B01C-06C3CCFE911F</sourcePk>
<identifying>true</identifying>
<optionalSource>false</optionalSource>
<optionalTarget>false</optionalTarget>
<sourceCardinality>1</sourceCardinality>
<sourceEntity>351B550A-B03D-1209-2B78-FF603321CE2E</sourceEntity>
<targetCardinalityString>*</targetCardinalityString>
<targetEntity>5DB47D00-4BEB-6C55-776C-A90BA114B338</targetEntity>
<transferable>true</transferable>
</Relation>