<?xml version = '1.0' encoding = 'UTF-8'?>
<Relation class="oracle.dbtools.crest.model.design.logical.Relation" name="sales_payment" directorySegmentName="seg_0" id="BD69A382-8A82-8CA0-78FC-83746EBA9C21">
<createdBy>raykrishardi</createdBy>
<createdTime>2015-10-20 12:20:30 UTC</createdTime>
<ownerDesignName>logical_model</ownerDesignName>
<engineerTo>
<item key="7D244578-F146-DE18-5D12-95A53A971BD5" value="true"/>
</engineerTo>
<sourcePk>4E40B73C-8F2A-AE23-8728-DC54F2FDA31E</sourcePk>
<targetPk>6A36CF0E-6EBB-9E8F-294F-55F59867857B</targetPk>
<identifying>false</identifying>
<optionalSource>false</optionalSource>
<optionalTarget>false</optionalTarget>
<sourceCardinality>1</sourceCardinality>
<sourceEntity>00249A51-D9CB-EC74-B592-1696EE550105</sourceEntity>
<targetCardinalityString>1</targetCardinalityString>
<targetEntity>4C4B60C8-8291-4394-BC3E-DFD862EF16E1</targetEntity>
<transferable>true</transferable>
</Relation>