<?xml version = '1.0' encoding = 'UTF-8'?>
<Relation class="oracle.dbtools.crest.model.design.logical.Relation" name="branch_department" directorySegmentName="seg_0" id="BDAE16B6-22EA-F97A-C03F-BDA1AF470332">
<createdBy>raykrishardi</createdBy>
<createdTime>2015-10-23 04:36:55 UTC</createdTime>
<ownerDesignName>logical_model</ownerDesignName>
<engineerTo>
<item key="7D244578-F146-DE18-5D12-95A53A971BD5" value="true"/>
</engineerTo>
<sourcePk>B8541ADA-842A-4F5E-4D93-5313E7A4512C</sourcePk>
<identifying>false</identifying>
<optionalSource>false</optionalSource>
<optionalTarget>false</optionalTarget>
<sourceCardinality>1</sourceCardinality>
<sourceEntity>B8118E06-4FCE-170F-22D4-B76C250E0B71</sourceEntity>
<targetCardinalityString>*</targetCardinalityString>
<targetEntity>674ACA1A-5118-25E9-4717-B41B51362A32</targetEntity>
<transferable>true</transferable>
</Relation>