<?xml version = '1.0' encoding = 'UTF-8'?>
<Relation class="oracle.dbtools.crest.model.design.logical.Relation" name="previousOwner_secondhandvehicle" directorySegmentName="seg_0" id="D33E24DD-459F-40AE-AFE9-B1C7A0F66007">
<createdBy>raykrishardi</createdBy>
<createdTime>2015-10-23 00:50:15 UTC</createdTime>
<ownerDesignName>logical_model</ownerDesignName>
<engineerTo>
<item key="7D244578-F146-DE18-5D12-95A53A971BD5" value="true"/>
</engineerTo>
<sourcePk>2895F0C9-88C0-2321-ED3F-CEF3D974D0B6</sourcePk>
<identifying>false</identifying>
<optionalSource>false</optionalSource>
<optionalTarget>false</optionalTarget>
<sourceCardinality>1</sourceCardinality>
<sourceEntity>145CD082-3006-984E-AAB5-DD449EF873E3</sourceEntity>
<targetCardinalityString>*</targetCardinalityString>
<targetEntity>D7EC1435-F850-0764-D28D-C4B92E3FF439</targetEntity>
<transferable>true</transferable>
</Relation>