<?xml version = '1.0' encoding = 'UTF-8'?>
<Relation class="oracle.dbtools.crest.model.design.logical.Relation" name="secondhandcarvehicle_model" directorySegmentName="seg_0" id="D5ABB7E2-9577-3FA2-2032-A4CFA392C6D5">
<createdBy>raykrishardi</createdBy>
<createdTime>2015-10-23 09:22:27 UTC</createdTime>
<ownerDesignName>logical_model</ownerDesignName>
<engineerTo>
<item key="7D244578-F146-DE18-5D12-95A53A971BD5" value="true"/>
</engineerTo>
<sourcePk>8444B230-03AD-0435-9C69-CB460834EC09</sourcePk>
<identifying>false</identifying>
<optionalSource>false</optionalSource>
<optionalTarget>false</optionalTarget>
<sourceCardinality>1</sourceCardinality>
<sourceEntity>DF5D71C0-5D0E-14AD-3099-81096520864E</sourceEntity>
<targetCardinalityString>*</targetCardinalityString>
<targetEntity>D7EC1435-F850-0764-D28D-C4B92E3FF439</targetEntity>
<transferable>true</transferable>
</Relation>