<?xml version = '1.0' encoding = 'UTF-8'?>
<Relation class="oracle.dbtools.crest.model.design.logical.Relation" name="employee_certificate" directorySegmentName="seg_0" id="F54EEAD2-2BBA-EC61-F76A-8D732AD4F9F1">
<createdBy>raykrishardi</createdBy>
<createdTime>2015-10-17 04:34:41 UTC</createdTime>
<ownerDesignName>logical_model</ownerDesignName>
<engineerTo>
<item key="7D244578-F146-DE18-5D12-95A53A971BD5" value="true"/>
</engineerTo>
<sourcePk>0DD19072-DA3B-94E0-F874-2F2F56624DE5</sourcePk>
<identifying>true</identifying>
<optionalSource>true</optionalSource>
<optionalTarget>false</optionalTarget>
<sourceCardinality>1</sourceCardinality>
<sourceEntity>0C7453D9-F4D1-B79E-2E41-3FF60A00A7E3</sourceEntity>
<targetCardinalityString>*</targetCardinalityString>
<targetEntity>946C653A-9A85-1548-2A02-3EF2D54957C2</targetEntity>
<transferable>true</transferable>
</Relation>