<?xml version = '1.0' encoding = 'UTF-8'?>
<Relation class="oracle.dbtools.crest.model.design.logical.Relation" name="employee_sales" directorySegmentName="seg_0" id="F6F3F0CE-BB8A-819D-A4CA-392FA32517CE">
<createdBy>raykrishardi</createdBy>
<createdTime>2015-10-17 04:42:16 UTC</createdTime>
<ownerDesignName>logical_model</ownerDesignName>
<engineerTo>
<item key="7D244578-F146-DE18-5D12-95A53A971BD5" value="true"/>
</engineerTo>
<sourcePk>0DD19072-DA3B-94E0-F874-2F2F56624DE5</sourcePk>
<identifying>false</identifying>
<optionalSource>true</optionalSource>
<optionalTarget>false</optionalTarget>
<sourceCardinality>1</sourceCardinality>
<sourceEntity>0C7453D9-F4D1-B79E-2E41-3FF60A00A7E3</sourceEntity>
<targetCardinalityString>*</targetCardinalityString>
<targetEntity>351B550A-B03D-1209-2B78-FF603321CE2E</targetEntity>
<transferable>true</transferable>
</Relation>