<?xml version = '1.0' encoding = 'UTF-8'?>
<Relation class="oracle.dbtools.crest.model.design.logical.Relation" name="employee_manager_branch" directorySegmentName="seg_0" id="FE239D27-70D6-9B80-8450-1F5CDDDE4DB2">
<createdBy>raykrishardi</createdBy>
<createdTime>2015-10-23 04:44:00 UTC</createdTime>
<ownerDesignName>logical_model</ownerDesignName>
<engineerTo>
<item key="7D244578-F146-DE18-5D12-95A53A971BD5" value="true"/>
</engineerTo>
<sourcePk>0DD19072-DA3B-94E0-F874-2F2F56624DE5</sourcePk>
<targetPk>B8541ADA-842A-4F5E-4D93-5313E7A4512C</targetPk>
<identifying>false</identifying>
<optionalSource>false</optionalSource>
<optionalTarget>false</optionalTarget>
<sourceCardinality>1</sourceCardinality>
<sourceEntity>0C7453D9-F4D1-B79E-2E41-3FF60A00A7E3</sourceEntity>
<targetCardinalityString>1</targetCardinalityString>
<targetEntity>B8118E06-4FCE-170F-22D4-B76C250E0B71</targetEntity>
<transferable>true</transferable>
</Relation>