<?xml version = '1.0' encoding = 'UTF-8'?>
<Entity class="oracle.dbtools.crest.model.design.logical.Entity" directorySegmentName="seg_0" id="00304BC6-7887-33DE-5EAF-99A3F899CCFE" name="certificate">
<createdBy>raykrishardi</createdBy>
<createdTime>2015-10-17 04:29:25 UTC</createdTime>
<generatorID>A93E73F5-AB99-595F-1F31-9CD12663956B</generatorID>
<ownerDesignName>logical_model</ownerDesignName>
<engineerTo>
<item key="7D244578-F146-DE18-5D12-95A53A971BD5" value="true"/>
</engineerTo>
<adequatelyNormalized>NO</adequatelyNormalized>
<expectedVolumes>0</expectedVolumes>
<fwdEngineeringStrategyName>Single Table</fwdEngineeringStrategyName>
<growthPercent>0</growthPercent>
<growthType>Year</growthType>
<maxVolumes>9999999</maxVolumes>
<minVolumes>0</minVolumes>
<normalForm>Third</normalForm>
<attributes itemClass="oracle.dbtools.crest.model.design.logical.Attribute">
<Attribute name="certificateID" id="68C0A0A8-8179-7FFE-9F7F-0F5E099B98C5">
<createdBy>raykrishardi</createdBy>
<createdTime>2015-10-17 04:29:25 UTC</createdTime>
<generatorID>AA09A32F-2A16-76C6-B302-D5945CE78384</generatorID>
<ownerDesignName>logical_model</ownerDesignName>
<engineerTo>
<item key="7D244578-F146-DE18-5D12-95A53A971BD5" value="true"/>
</engineerTo>
<useDomainConstraints>false</useDomainConstraints>
<use>1</use>
<logicalDatatype>LOGDT019</logicalDatatype>
<dataTypePrecision>8</dataTypePrecision>
<ownDataTypeParameters>,8,</ownDataTypeParameters>
</Attribute>
<Attribute name="certificateDescription" id="3F692239-4141-8F32-1CD8-5AD6394D77C1">
<createdBy>raykrishardi</createdBy>
<createdTime>2015-10-23 06:24:53 UTC</createdTime>
<ownerDesignName>logical_model</ownerDesignName>
<engineerTo>
<item key="7D244578-F146-DE18-5D12-95A53A971BD5" value="true"/>
</engineerTo>
<useDomainConstraints>false</useDomainConstraints>
<use>1</use>
<logicalDatatype>LOGDT024</logicalDatatype>
<dataTypeSize>30</dataTypeSize>
<ownDataTypeParameters>30,,</ownDataTypeParameters>
</Attribute>
<Attribute name="dateAchieved" id="07F4F499-E33D-45AF-376B-A23C657BE683">
<createdBy>raykrishardi</createdBy>
<createdTime>2015-10-23 08:03:47 UTC</createdTime>
<ownerDesignName>logical_model</ownerDesignName>
<engineerTo>
<item key="7D244578-F146-DE18-5D12-95A53A971BD5" value="true"/>
</engineerTo>
<useDomainConstraints>false</useDomainConstraints>
<use>1</use>
<logicalDatatype>LOGDT007</logicalDatatype>
<ownDataTypeParameters>,,</ownDataTypeParameters>
</Attribute>
</attributes>
<identifiers itemClass="oracle.dbtools.crest.model.design.logical.CandidateKey">
<identifier id="09FD9558-2E6B-572E-12AB-1B3B53153CCF" name="certificate PK">
<createdBy>raykrishardi</createdBy>
<createdTime>2015-10-17 04:29:25 UTC</createdTime>
<generatorID>F3DA3413-DCC2-79DC-85D0-8ED30A4C5DA5</generatorID>
<ownerDesignName>logical_model</ownerDesignName>
<engineerTo>
<item key="7D244578-F146-DE18-5D12-95A53A971BD5" value="true"/>
</engineerTo>
<pk>true</pk>
<usedAttributes>
<attributeRef>68C0A0A8-8179-7FFE-9F7F-0F5E099B98C5</attributeRef>
</usedAttributes>
</identifier>
</identifiers>
</Entity>