<?xml version = '1.0' encoding = 'UTF-8'?>
<Entity class="oracle.dbtools.crest.model.design.logical.Entity" directorySegmentName="seg_0" id="03E9833B-B68A-2EAA-ECF8-7F3A94BF3391" name="employee_qualification">
<createdBy>raykrishardi</createdBy>
<createdTime>2015-10-17 04:29:25 UTC</createdTime>
<generatorID>6489AFE1-42A0-7B2A-E82F-817565A14B7C</generatorID>
<ownerDesignName>logical_model</ownerDesignName>
<engineerTo>
<item key="7D244578-F146-DE18-5D12-95A53A971BD5" value="true"/>
</engineerTo>
<adequatelyNormalized>NO</adequatelyNormalized>
<expectedVolumes>0</expectedVolumes>
<fwdEngineeringStrategyName>Single Table</fwdEngineeringStrategyName>
<growthPercent>0</growthPercent>
<growthType>Year</growthType>
<maxVolumes>9999999</maxVolumes>
<minVolumes>0</minVolumes>
<normalForm>Third</normalForm>
<attributes itemClass="oracle.dbtools.crest.model.design.logical.Attribute">
<Attribute name="qualificationID" id="201977CC-153A-049C-874D-F9C37B7C8176">
<createdBy>raykrishardi</createdBy>
<createdTime>2015-10-17 04:32:05 UTC</createdTime>
<generatorID>92CBFB3B-5836-D702-2FFE-8A1CDB4D4D01</generatorID>
<ownerDesignName>logical_model</ownerDesignName>
<engineerTo>
<item key="7D244578-F146-DE18-5D12-95A53A971BD5" value="true"/>
</engineerTo>
<referedAttribute>C2134865-F845-E7F2-244F-193F991EA83A</referedAttribute>
<useDomainConstraints>false</useDomainConstraints>
<use>1</use>
<logicalDatatype>LOGDT019</logicalDatatype>
<dataTypePrecision>8</dataTypePrecision>
<ownDataTypeParameters>,8,</ownDataTypeParameters>
</Attribute>
<Attribute name="employeeID" id="9A0A0D41-066B-4849-A79E-9B0D7B09EEB5">
<createdBy>raykrishardi</createdBy>
<createdTime>2015-10-17 04:32:49 UTC</createdTime>
<generatorID>1BF40CAF-DE8A-093A-EC00-91CCD26E3C9B</generatorID>
<ownerDesignName>logical_model</ownerDesignName>
<engineerTo>
<item key="7D244578-F146-DE18-5D12-95A53A971BD5" value="true"/>
</engineerTo>
<referedAttribute>734DA9C9-3A79-F568-AF32-42BBBAAAE4A5</referedAttribute>
<useDomainConstraints>false</useDomainConstraints>
<use>1</use>
<logicalDatatype>LOGDT025</logicalDatatype>
<dataTypePrecision>8</dataTypePrecision>
<ownDataTypeParameters>,8,</ownDataTypeParameters>
</Attribute>
</attributes>
<identifiers itemClass="oracle.dbtools.crest.model.design.logical.CandidateKey">
<identifier id="BE3FA1BE-E741-D1BB-F0EC-B5D9DB11B7C6" name="employee qualification PK">
<createdBy>raykrishardi</createdBy>
<createdTime>2015-10-17 04:32:05 UTC</createdTime>
<ownerDesignName>logical_model</ownerDesignName>
<engineerTo>
<item key="7D244578-F146-DE18-5D12-95A53A971BD5" value="true"/>
</engineerTo>
<pk>true</pk>
<usedAttributes>
<attributeRef>201977CC-153A-049C-874D-F9C37B7C8176</attributeRef>
<attributeRef>9A0A0D41-066B-4849-A79E-9B0D7B09EEB5</attributeRef>
</usedAttributes>
</identifier>
</identifiers>
</Entity>