<?xml version = '1.0' encoding = 'UTF-8'?>
<Entity class="oracle.dbtools.crest.model.design.logical.Entity" directorySegmentName="seg_0" id="13D234F4-3A99-A674-EDA3-C718174FE416" name="valuation_parts">
<createdBy>raykrishardi</createdBy>
<createdTime>2015-10-17 05:45:41 UTC</createdTime>
<ownerDesignName>logical_model</ownerDesignName>
<engineerTo>
<item key="7D244578-F146-DE18-5D12-95A53A971BD5" value="true"/>
</engineerTo>
<adequatelyNormalized>NO</adequatelyNormalized>
<expectedVolumes>0</expectedVolumes>
<fwdEngineeringStrategyName>Single Table</fwdEngineeringStrategyName>
<growthPercent>0</growthPercent>
<growthType>Year</growthType>
<maxVolumes>9999999</maxVolumes>
<minVolumes>0</minVolumes>
<normalForm>Third</normalForm>
<attributes itemClass="oracle.dbtools.crest.model.design.logical.Attribute">
<Attribute name="partsID" id="648D4460-CDB8-09D2-2BD2-3342AACF553A">
<createdBy>raykrishardi</createdBy>
<createdTime>2015-10-17 05:46:15 UTC</createdTime>
<generatorID>0ADAB232-718B-BBC7-A33F-BA2389859FAC</generatorID>
<ownerDesignName>logical_model</ownerDesignName>
<engineerTo>
<item key="7D244578-F146-DE18-5D12-95A53A971BD5" value="true"/>
</engineerTo>
<referedAttribute>0AB94395-87F0-5FFF-155B-907392F21595</referedAttribute>
<useDomainConstraints>false</useDomainConstraints>
<use>1</use>
<logicalDatatype>LOGDT019</logicalDatatype>
<dataTypePrecision>8</dataTypePrecision>
<ownDataTypeParameters>,8,</ownDataTypeParameters>
</Attribute>
<Attribute name="valuationID" id="66D61389-10F5-5F54-3069-0295358E889E">
<createdBy>raykrishardi</createdBy>
<createdTime>2015-10-17 05:46:29 UTC</createdTime>
<generatorID>6D7C4C1F-D9F1-9B7E-9E5B-9F61C39375DF</generatorID>
<ownerDesignName>logical_model</ownerDesignName>
<engineerTo>
<item key="7D244578-F146-DE18-5D12-95A53A971BD5" value="true"/>
</engineerTo>
<referedAttribute>EC86801C-5DAF-EB9D-909B-5FC5AC50A736</referedAttribute>
<useDomainConstraints>false</useDomainConstraints>
<use>1</use>
<logicalDatatype>LOGDT019</logicalDatatype>
<dataTypePrecision>8</dataTypePrecision>
<ownDataTypeParameters>,8,</ownDataTypeParameters>
</Attribute>
</attributes>
<identifiers itemClass="oracle.dbtools.crest.model.design.logical.CandidateKey">
<identifier id="DAF44B6D-02D2-DB8E-7377-89B234566149" name="valuation_parts PK">
<createdBy>raykrishardi</createdBy>
<createdTime>2015-10-17 05:46:15 UTC</createdTime>
<ownerDesignName>logical_model</ownerDesignName>
<engineerTo>
<item key="7D244578-F146-DE18-5D12-95A53A971BD5" value="true"/>
</engineerTo>
<pk>true</pk>
<usedAttributes>
<attributeRef>648D4460-CDB8-09D2-2BD2-3342AACF553A</attributeRef>
<attributeRef>66D61389-10F5-5F54-3069-0295358E889E</attributeRef>
</usedAttributes>
</identifier>
</identifiers>
</Entity>