<?xml version = '1.0' encoding = 'UTF-8'?>
<Entity class="oracle.dbtools.crest.model.design.logical.Entity" directorySegmentName="seg_0" id="23CA19EF-D656-155D-81F1-D9A8E5B71E02" name="valuation">
<createdBy>raykrishardi</createdBy>
<createdTime>2015-10-17 05:45:00 UTC</createdTime>
<ownerDesignName>logical_model</ownerDesignName>
<engineerTo>
<item key="7D244578-F146-DE18-5D12-95A53A971BD5" value="true"/>
</engineerTo>
<adequatelyNormalized>NO</adequatelyNormalized>
<expectedVolumes>0</expectedVolumes>
<fwdEngineeringStrategyName>Single Table</fwdEngineeringStrategyName>
<growthPercent>0</growthPercent>
<growthType>Year</growthType>
<maxVolumes>9999999</maxVolumes>
<minVolumes>0</minVolumes>
<normalForm>Third</normalForm>
<attributes itemClass="oracle.dbtools.crest.model.design.logical.Attribute">
<Attribute name="valuationID" id="EC86801C-5DAF-EB9D-909B-5FC5AC50A736">
<createdBy>raykrishardi</createdBy>
<createdTime>2015-10-17 05:45:08 UTC</createdTime>
<ownerDesignName>logical_model</ownerDesignName>
<engineerTo>
<item key="7D244578-F146-DE18-5D12-95A53A971BD5" value="true"/>
</engineerTo>
<useDomainConstraints>false</useDomainConstraints>
<use>1</use>
<logicalDatatype>LOGDT019</logicalDatatype>
<dataTypePrecision>8</dataTypePrecision>
<ownDataTypeParameters>,8,</ownDataTypeParameters>
</Attribute>
<Attribute name="employeeID" id="1E7D5DF2-053B-9DF7-2B1C-67F2C0C502F7">
<createdBy>raykrishardi</createdBy>
<createdTime>2015-10-17 05:49:49 UTC</createdTime>
<generatorID>BA09B46E-18E6-7D64-2748-683C23BB446F</generatorID>
<ownerDesignName>logical_model</ownerDesignName>
<engineerTo>
<item key="7D244578-F146-DE18-5D12-95A53A971BD5" value="true"/>
</engineerTo>
<referedAttribute>734DA9C9-3A79-F568-AF32-42BBBAAAE4A5</referedAttribute>
<useDomainConstraints>false</useDomainConstraints>
<use>1</use>
<logicalDatatype>LOGDT025</logicalDatatype>
<dataTypeSize>6</dataTypeSize>
<ownDataTypeParameters>6,,</ownDataTypeParameters>
</Attribute>
<Attribute name="secondhand_vehicleID" id="24002E39-4264-537E-B2B5-78D979182803">
<createdBy>raykrishardi</createdBy>
<createdTime>2015-10-22 10:42:04 UTC</createdTime>
<generatorID>3FC11F6A-1A35-9154-6E39-A5347F70270D</generatorID>
<ownerDesignName>logical_model</ownerDesignName>
<engineerTo>
<item key="7D244578-F146-DE18-5D12-95A53A971BD5" value="true"/>
</engineerTo>
<referedAttribute>CFFBBF66-64E4-168B-8D15-5E09A69C2B5C</referedAttribute>
<useDomainConstraints>false</useDomainConstraints>
<use>1</use>
<logicalDatatype>LOGDT019</logicalDatatype>
<dataTypePrecision>8</dataTypePrecision>
<ownDataTypeParameters>,8,</ownDataTypeParameters>
</Attribute>
<Attribute name="costForSalability" id="13EAABDB-20BF-EEFD-2E8F-7591D5BF49DE">
<createdBy>raykrishardi</createdBy>
<createdTime>2015-10-23 09:18:51 UTC</createdTime>
<ownerDesignName>logical_model</ownerDesignName>
<engineerTo>
<item key="7D244578-F146-DE18-5D12-95A53A971BD5" value="true"/>
</engineerTo>
<useDomainConstraints>false</useDomainConstraints>
<use>1</use>
<logicalDatatype>LOGDT019</logicalDatatype>
<dataTypePrecision>10</dataTypePrecision>
<ownDataTypeParameters>,10,</ownDataTypeParameters>
</Attribute>
<Attribute name="registrationExpiryDate" id="970C2173-4E74-ACDE-CAE1-8BEC6A16F012">
<createdBy>raykrishardi</createdBy>
<createdTime>2015-10-23 09:18:52 UTC</createdTime>
<ownerDesignName>logical_model</ownerDesignName>
<engineerTo>
<item key="7D244578-F146-DE18-5D12-95A53A971BD5" value="true"/>
</engineerTo>
<useDomainConstraints>false</useDomainConstraints>
<use>1</use>
<logicalDatatype>LOGDT007</logicalDatatype>
<ownDataTypeParameters>,,</ownDataTypeParameters>
</Attribute>
<Attribute name="profitAmount" id="EF9D6867-1D9D-EB76-22E8-CF1C8CC55BF1">
<createdBy>raykrishardi</createdBy>
<createdTime>2015-10-23 09:39:02 UTC</createdTime>
<ownerDesignName>logical_model</ownerDesignName>
<engineerTo>
<item key="7D244578-F146-DE18-5D12-95A53A971BD5" value="true"/>
</engineerTo>
<useDomainConstraints>false</useDomainConstraints>
<use>1</use>
<logicalDatatype>LOGDT019</logicalDatatype>
<dataTypePrecision>10</dataTypePrecision>
<ownDataTypeParameters>,10,</ownDataTypeParameters>
</Attribute>
</attributes>
<identifiers itemClass="oracle.dbtools.crest.model.design.logical.CandidateKey">
<identifier id="98B7E9D5-3990-4185-8BAE-A33D356EF917" name="valuation PK">
<createdBy>raykrishardi</createdBy>
<createdTime>2015-10-17 05:45:13 UTC</createdTime>
<ownerDesignName>logical_model</ownerDesignName>
<engineerTo>
<item key="7D244578-F146-DE18-5D12-95A53A971BD5" value="true"/>
</engineerTo>
<pk>true</pk>
<usedAttributes>
<attributeRef>EC86801C-5DAF-EB9D-909B-5FC5AC50A736</attributeRef>
</usedAttributes>
</identifier>
</identifiers>
</Entity>