<?xml version = '1.0' encoding = 'UTF-8'?>
<Entity class="oracle.dbtools.crest.model.design.logical.Entity" directorySegmentName="seg_0" id="351B550A-B03D-1209-2B78-FF603321CE2E" name="sales">
<createdBy>raykrishardi</createdBy>
<createdTime>2015-10-17 04:40:18 UTC</createdTime>
<ownerDesignName>logical_model</ownerDesignName>
<engineerTo>
<item key="7D244578-F146-DE18-5D12-95A53A971BD5" value="true"/>
</engineerTo>
<adequatelyNormalized>NO</adequatelyNormalized>
<expectedVolumes>0</expectedVolumes>
<fwdEngineeringStrategyName>Single Table</fwdEngineeringStrategyName>
<growthPercent>0</growthPercent>
<growthType>Year</growthType>
<maxVolumes>9999999</maxVolumes>
<minVolumes>0</minVolumes>
<normalForm>Third</normalForm>
<attributes itemClass="oracle.dbtools.crest.model.design.logical.Attribute">
<Attribute name="salesNumber" id="01A73840-8DB2-27BF-9840-10A816574B21">
<createdBy>raykrishardi</createdBy>
<createdTime>2015-10-17 04:40:42 UTC</createdTime>
<ownerDesignName>logical_model</ownerDesignName>
<engineerTo>
<item key="7D244578-F146-DE18-5D12-95A53A971BD5" value="true"/>
</engineerTo>
<useDomainConstraints>false</useDomainConstraints>
<use>1</use>
<logicalDatatype>LOGDT019</logicalDatatype>
<dataTypePrecision>8</dataTypePrecision>
<ownDataTypeParameters>,8,</ownDataTypeParameters>
</Attribute>
<Attribute name="salesDate" id="9C481CDD-197A-51E4-72E5-10E8B332F0EA">
<createdBy>raykrishardi</createdBy>
<createdTime>2015-10-23 08:06:57 UTC</createdTime>
<ownerDesignName>logical_model</ownerDesignName>
<engineerTo>
<item key="7D244578-F146-DE18-5D12-95A53A971BD5" value="true"/>
</engineerTo>
<useDomainConstraints>false</useDomainConstraints>
<use>1</use>
<logicalDatatype>LOGDT007</logicalDatatype>
<ownDataTypeParameters>,,</ownDataTypeParameters>
</Attribute>
<Attribute name="salesTime" id="D5841974-5411-48CD-9BB9-20D68050C4A4">
<createdBy>raykrishardi</createdBy>
<createdTime>2015-10-23 08:07:16 UTC</createdTime>
<ownerDesignName>logical_model</ownerDesignName>
<engineerTo>
<item key="7D244578-F146-DE18-5D12-95A53A971BD5" value="true"/>
</engineerTo>
<useDomainConstraints>false</useDomainConstraints>
<use>1</use>
<logicalDatatype>LOGDT014</logicalDatatype>
<ownDataTypeParameters>,,</ownDataTypeParameters>
</Attribute>
<Attribute name="employeeID" id="200068B8-31CE-7EB9-9D2E-EE7BBFFE1790">
<createdBy>raykrishardi</createdBy>
<createdTime>2015-10-17 04:42:16 UTC</createdTime>
<generatorID>F6F3F0CE-BB8A-819D-A4CA-392FA32517CE</generatorID>
<ownerDesignName>logical_model</ownerDesignName>
<engineerTo>
<item key="7D244578-F146-DE18-5D12-95A53A971BD5" value="true"/>
</engineerTo>
<referedAttribute>734DA9C9-3A79-F568-AF32-42BBBAAAE4A5</referedAttribute>
<useDomainConstraints>false</useDomainConstraints>
<use>1</use>
<logicalDatatype>LOGDT025</logicalDatatype>
<dataTypeSize>6</dataTypeSize>
<ownDataTypeParameters>6,,</ownDataTypeParameters>
</Attribute>
<Attribute name="commission" id="FB3453FB-D2A4-FD4E-65D2-86431D8F40FF">
<createdBy>raykrishardi</createdBy>
<createdTime>2015-10-22 10:27:46 UTC</createdTime>
<ownerDesignName>logical_model</ownerDesignName>
<engineerTo>
<item key="7D244578-F146-DE18-5D12-95A53A971BD5" value="true"/>
</engineerTo>
<nullsAllowed>true</nullsAllowed>
<useDomainConstraints>false</useDomainConstraints>
<use>1</use>
<logicalDatatype>LOGDT019</logicalDatatype>
<dataTypePrecision>6</dataTypePrecision>
<ownDataTypeParameters>,6,</ownDataTypeParameters>
</Attribute>
<Attribute name="salesAmount" id="57AF83C5-4B5F-FB50-FC2C-371F00AA0F8C">
<createdBy>raykrishardi</createdBy>
<createdTime>2015-10-23 08:15:22 UTC</createdTime>
<ownerDesignName>logical_model</ownerDesignName>
<engineerTo>
<item key="7D244578-F146-DE18-5D12-95A53A971BD5" value="true"/>
</engineerTo>
<useDomainConstraints>false</useDomainConstraints>
<use>1</use>
<logicalDatatype>LOGDT019</logicalDatatype>
<dataTypePrecision>10</dataTypePrecision>
<ownDataTypeParameters>,10,</ownDataTypeParameters>
</Attribute>
<Attribute name="amountDue" id="3ACC1833-C728-6DB8-E1EE-B64E333CA43A">
<createdBy>raykrishardi</createdBy>
<createdTime>2015-10-23 08:15:35 UTC</createdTime>
<ownerDesignName>logical_model</ownerDesignName>
<engineerTo>
<item key="7D244578-F146-DE18-5D12-95A53A971BD5" value="true"/>
</engineerTo>
<useDomainConstraints>false</useDomainConstraints>
<use>1</use>
<logicalDatatype>LOGDT019</logicalDatatype>
<dataTypePrecision>10</dataTypePrecision>
<ownDataTypeParameters>,10,</ownDataTypeParameters>
</Attribute>
<Attribute name="customerNumber" id="AB35E40A-0CDD-3DAD-60C2-D704DB739FD8">
<createdBy>raykrishardi</createdBy>
<createdTime>2015-10-20 12:13:33 UTC</createdTime>
<generatorID>0411B73F-15C4-93FA-9257-4F7E413A248A</generatorID>
<ownerDesignName>logical_model</ownerDesignName>
<engineerTo>
<item key="7D244578-F146-DE18-5D12-95A53A971BD5" value="true"/>
</engineerTo>
<referedAttribute>B2793F38-F050-8C12-4BF4-B9BDD1659D48</referedAttribute>
<useDomainConstraints>false</useDomainConstraints>
<use>1</use>
<logicalDatatype>LOGDT025</logicalDatatype>
<dataTypeSize>7</dataTypeSize>
<ownDataTypeParameters>7,,</ownDataTypeParameters>
</Attribute>
</attributes>
<identifiers itemClass="oracle.dbtools.crest.model.design.logical.CandidateKey">
<identifier id="BF7174D8-24CC-2CC2-B01C-06C3CCFE911F" name="sales PK">
<createdBy>raykrishardi</createdBy>
<createdTime>2015-10-17 04:40:48 UTC</createdTime>
<ownerDesignName>logical_model</ownerDesignName>
<engineerTo>
<item key="7D244578-F146-DE18-5D12-95A53A971BD5" value="true"/>
</engineerTo>
<pk>true</pk>
<usedAttributes>
<attributeRef>01A73840-8DB2-27BF-9840-10A816574B21</attributeRef>
</usedAttributes>
</identifier>
</identifiers>
</Entity>