<?xml version = '1.0' encoding = 'UTF-8'?>
<Entity class="oracle.dbtools.crest.model.design.logical.Entity" directorySegmentName="seg_0" id="4C4B60C8-8291-4394-BC3E-DFD862EF16E1" name="sales_payment">
<createdBy>raykrishardi</createdBy>
<createdTime>2015-10-20 12:20:18 UTC</createdTime>
<ownerDesignName>logical_model</ownerDesignName>
<engineerTo>
<item key="7D244578-F146-DE18-5D12-95A53A971BD5" value="true"/>
</engineerTo>
<adequatelyNormalized>NO</adequatelyNormalized>
<expectedVolumes>0</expectedVolumes>
<fwdEngineeringStrategyName>Single Table</fwdEngineeringStrategyName>
<growthPercent>0</growthPercent>
<growthType>Year</growthType>
<maxVolumes>9999999</maxVolumes>
<minVolumes>0</minVolumes>
<normalForm>Third</normalForm>
<attributes itemClass="oracle.dbtools.crest.model.design.logical.Attribute">
<Attribute name="salesNumber" id="D62B3AD4-495F-3A81-70C0-2DC091E6F156">
<createdBy>raykrishardi</createdBy>
<createdTime>2015-10-20 12:23:59 UTC</createdTime>
<generatorID>1E9071B5-38D4-E3CC-C66D-476E88B1ADFF</generatorID>
<ownerDesignName>logical_model</ownerDesignName>
<engineerTo>
<item key="7D244578-F146-DE18-5D12-95A53A971BD5" value="true"/>
</engineerTo>
<referedAttribute>01A73840-8DB2-27BF-9840-10A816574B21</referedAttribute>
<useDomainConstraints>false</useDomainConstraints>
<use>1</use>
<logicalDatatype>LOGDT019</logicalDatatype>
<dataTypePrecision>8</dataTypePrecision>
<ownDataTypeParameters>,8,</ownDataTypeParameters>
</Attribute>
<Attribute name="paymentID" id="55C5B414-5079-B66D-98B9-E6647AA9A89B">
<createdBy>raykrishardi</createdBy>
<createdTime>2015-10-20 12:20:30 UTC</createdTime>
<generatorID>BD69A382-8A82-8CA0-78FC-83746EBA9C21</generatorID>
<ownerDesignName>logical_model</ownerDesignName>
<engineerTo>
<item key="7D244578-F146-DE18-5D12-95A53A971BD5" value="true"/>
</engineerTo>
<referedAttribute>561A5CE7-A9F5-D0D7-19E2-3FA376B7CC5F</referedAttribute>
<useDomainConstraints>false</useDomainConstraints>
<use>1</use>
<logicalDatatype>LOGDT025</logicalDatatype>
<dataTypeSize>9</dataTypeSize>
<ownDataTypeParameters>9,,</ownDataTypeParameters>
</Attribute>
</attributes>
<identifiers itemClass="oracle.dbtools.crest.model.design.logical.CandidateKey">
<identifier id="6A36CF0E-6EBB-9E8F-294F-55F59867857B" name="sales_payment PK">
<createdBy>raykrishardi</createdBy>
<createdTime>2015-10-20 12:20:30 UTC</createdTime>
<ownerDesignName>logical_model</ownerDesignName>
<engineerTo>
<item key="7D244578-F146-DE18-5D12-95A53A971BD5" value="true"/>
</engineerTo>
<pk>true</pk>
<usedAttributes>
<attributeRef>D62B3AD4-495F-3A81-70C0-2DC091E6F156</attributeRef>
</usedAttributes>
</identifier>
</identifiers>
</Entity>