<?xml version = '1.0' encoding = 'UTF-8'?>
<Entity class="oracle.dbtools.crest.model.design.logical.Entity" directorySegmentName="seg_0" id="5DB47D00-4BEB-6C55-776C-A90BA114B338" name="sales_vehicle">
<createdBy>raykrishardi</createdBy>
<createdTime>2015-10-20 12:15:27 UTC</createdTime>
<ownerDesignName>logical_model</ownerDesignName>
<engineerTo>
<item key="7D244578-F146-DE18-5D12-95A53A971BD5" value="true"/>
</engineerTo>
<adequatelyNormalized>NO</adequatelyNormalized>
<expectedVolumes>0</expectedVolumes>
<fwdEngineeringStrategyName>Single Table</fwdEngineeringStrategyName>
<growthPercent>0</growthPercent>
<growthType>Year</growthType>
<maxVolumes>9999999</maxVolumes>
<minVolumes>0</minVolumes>
<normalForm>Third</normalForm>
<attributes itemClass="oracle.dbtools.crest.model.design.logical.Attribute">
<Attribute name="salesNumber" id="B180747A-5D86-E08E-F463-D42A12AA6734">
<createdBy>raykrishardi</createdBy>
<createdTime>2015-10-20 12:15:55 UTC</createdTime>
<generatorID>BC631F41-FD18-56B0-8F01-9D53F6A5B05B</generatorID>
<ownerDesignName>logical_model</ownerDesignName>
<engineerTo>
<item key="7D244578-F146-DE18-5D12-95A53A971BD5" value="true"/>
</engineerTo>
<referedAttribute>01A73840-8DB2-27BF-9840-10A816574B21</referedAttribute>
<useDomainConstraints>false</useDomainConstraints>
<use>1</use>
<logicalDatatype>LOGDT019</logicalDatatype>
<dataTypePrecision>8</dataTypePrecision>
<ownDataTypeParameters>,8,</ownDataTypeParameters>
</Attribute>
<Attribute name="regNumber" id="81A86F8F-50FB-087D-C5EB-ABC293E5CF9B">
<createdBy>raykrishardi</createdBy>
<createdTime>2015-10-23 08:29:35 UTC</createdTime>
<generatorID>9B76213B-1D31-A09C-ADC4-4FB9BA6319CD</generatorID>
<ownerDesignName>logical_model</ownerDesignName>
<engineerTo>
<item key="7D244578-F146-DE18-5D12-95A53A971BD5" value="true"/>
</engineerTo>
<referedAttribute>CBC408E9-4101-CCEA-A615-638F47CE488F</referedAttribute>
<useDomainConstraints>false</useDomainConstraints>
<use>1</use>
<logicalDatatype>LOGDT025</logicalDatatype>
<dataTypeSize>6</dataTypeSize>
<ownDataTypeParameters>6,,</ownDataTypeParameters>
</Attribute>
</attributes>
<identifiers itemClass="oracle.dbtools.crest.model.design.logical.CandidateKey">
<identifier id="C8D92951-6FF9-E21B-F891-9CBB2F735DD5" name="sales_vehicle PK">
<createdBy>raykrishardi</createdBy>
<createdTime>2015-10-20 12:15:45 UTC</createdTime>
<ownerDesignName>logical_model</ownerDesignName>
<engineerTo>
<item key="7D244578-F146-DE18-5D12-95A53A971BD5" value="true"/>
</engineerTo>
<pk>true</pk>
<usedAttributes>
<attributeRef>B180747A-5D86-E08E-F463-D42A12AA6734</attributeRef>
<attributeRef>81A86F8F-50FB-087D-C5EB-ABC293E5CF9B</attributeRef>
</usedAttributes>
</identifier>
</identifiers>
</Entity>