<?xml version = '1.0' encoding = 'UTF-8'?>
<Entity class="oracle.dbtools.crest.model.design.logical.Entity" directorySegmentName="seg_0" id="946C653A-9A85-1548-2A02-3EF2D54957C2" name="employee_certificate">
<createdBy>raykrishardi</createdBy>
<createdTime>2015-10-17 04:29:25 UTC</createdTime>
<generatorID>B8682044-5909-0519-4EA2-A99A9D6441C0</generatorID>
<ownerDesignName>logical_model</ownerDesignName>
<engineerTo>
<item key="7D244578-F146-DE18-5D12-95A53A971BD5" value="true"/>
</engineerTo>
<adequatelyNormalized>NO</adequatelyNormalized>
<expectedVolumes>0</expectedVolumes>
<fwdEngineeringStrategyName>Single Table</fwdEngineeringStrategyName>
<growthPercent>0</growthPercent>
<growthType>Year</growthType>
<maxVolumes>9999999</maxVolumes>
<minVolumes>0</minVolumes>
<normalForm>Third</normalForm>
<attributes itemClass="oracle.dbtools.crest.model.design.logical.Attribute">
<Attribute name="certificateID" id="D7127D36-C294-8B73-68B8-8BDA3A7A7188">
<createdBy>raykrishardi</createdBy>
<createdTime>2015-10-17 04:34:04 UTC</createdTime>
<generatorID>2F971938-06E7-C43B-DEE6-4FDA728B4DC5</generatorID>
<ownerDesignName>logical_model</ownerDesignName>
<engineerTo>
<item key="7D244578-F146-DE18-5D12-95A53A971BD5" value="true"/>
</engineerTo>
<referedAttribute>68C0A0A8-8179-7FFE-9F7F-0F5E099B98C5</referedAttribute>
<useDomainConstraints>false</useDomainConstraints>
<use>1</use>
<logicalDatatype>LOGDT019</logicalDatatype>
<dataTypePrecision>8</dataTypePrecision>
<ownDataTypeParameters>,8,</ownDataTypeParameters>
</Attribute>
<Attribute name="employeeID" id="3F938CB8-AB51-BF44-9126-7DC2BBD76DA0">
<createdBy>raykrishardi</createdBy>
<createdTime>2015-10-17 04:34:41 UTC</createdTime>
<generatorID>F54EEAD2-2BBA-EC61-F76A-8D732AD4F9F1</generatorID>
<ownerDesignName>logical_model</ownerDesignName>
<engineerTo>
<item key="7D244578-F146-DE18-5D12-95A53A971BD5" value="true"/>
</engineerTo>
<referedAttribute>734DA9C9-3A79-F568-AF32-42BBBAAAE4A5</referedAttribute>
<useDomainConstraints>false</useDomainConstraints>
<use>1</use>
<logicalDatatype>LOGDT025</logicalDatatype>
<dataTypeSize>6</dataTypeSize>
<ownDataTypeParameters>6,,</ownDataTypeParameters>
</Attribute>
</attributes>
<identifiers itemClass="oracle.dbtools.crest.model.design.logical.CandidateKey">
<identifier id="746109AC-9A2E-1966-6405-C54E49F9858F" name="employee_certificate PK">
<createdBy>raykrishardi</createdBy>
<createdTime>2015-10-17 04:34:04 UTC</createdTime>
<ownerDesignName>logical_model</ownerDesignName>
<engineerTo>
<item key="7D244578-F146-DE18-5D12-95A53A971BD5" value="true"/>
</engineerTo>
<pk>true</pk>
<usedAttributes>
<attributeRef>D7127D36-C294-8B73-68B8-8BDA3A7A7188</attributeRef>
<attributeRef>3F938CB8-AB51-BF44-9126-7DC2BBD76DA0</attributeRef>
</usedAttributes>
</identifier>
</identifiers>
</Entity>