<?xml version = '1.0' encoding = 'UTF-8'?>
<Entity class="oracle.dbtools.crest.model.design.logical.Entity" directorySegmentName="seg_0" id="A1C82F77-213B-909F-0EB8-E203E6E6ACF9" name="vehicle">
<createdBy>raykrishardi</createdBy>
<createdTime>2015-10-17 05:11:20 UTC</createdTime>
<ownerDesignName>logical_model</ownerDesignName>
<engineerTo>
<item key="7D244578-F146-DE18-5D12-95A53A971BD5" value="true"/>
</engineerTo>
<adequatelyNormalized>NO</adequatelyNormalized>
<expectedVolumes>0</expectedVolumes>
<fwdEngineeringStrategyName>Single Table</fwdEngineeringStrategyName>
<growthPercent>0</growthPercent>
<growthType>Year</growthType>
<maxVolumes>9999999</maxVolumes>
<minVolumes>0</minVolumes>
<normalForm>Third</normalForm>
<attributes itemClass="oracle.dbtools.crest.model.design.logical.Attribute">
<Attribute name="regNumber" id="CBC408E9-4101-CCEA-A615-638F47CE488F">
<createdBy>raykrishardi</createdBy>
<createdTime>2015-10-17 05:15:47 UTC</createdTime>
<ownerDesignName>logical_model</ownerDesignName>
<engineerTo>
<item key="7D244578-F146-DE18-5D12-95A53A971BD5" value="true"/>
</engineerTo>
<useDomainConstraints>false</useDomainConstraints>
<use>1</use>
<logicalDatatype>LOGDT025</logicalDatatype>
<dataTypeSize>6</dataTypeSize>
<ownDataTypeParameters>6,,</ownDataTypeParameters>
</Attribute>
<Attribute name="branchID" id="3AB7AC69-9A4D-F949-2480-A8F896482C54">
<createdBy>raykrishardi</createdBy>
<createdTime>2015-10-22 10:54:09 UTC</createdTime>
<generatorID>5744FA53-0D8F-8952-5E44-718B44A36B5D</generatorID>
<ownerDesignName>logical_model</ownerDesignName>
<engineerTo>
<item key="7D244578-F146-DE18-5D12-95A53A971BD5" value="true"/>
</engineerTo>
<referedAttribute>4411F1B1-3E71-9B59-7766-3DB9A2F5F7E9</referedAttribute>
<useDomainConstraints>false</useDomainConstraints>
<use>1</use>
<logicalDatatype>LOGDT019</logicalDatatype>
<dataTypePrecision>8</dataTypePrecision>
<ownDataTypeParameters>,8,</ownDataTypeParameters>
</Attribute>
<Attribute name="VIN" id="86892DF5-BFC7-0A6E-C3D8-FF0B7263C3C9">
<createdBy>raykrishardi</createdBy>
<createdTime>2015-10-17 05:24:22 UTC</createdTime>
<ownerDesignName>logical_model</ownerDesignName>
<engineerTo>
<item key="7D244578-F146-DE18-5D12-95A53A971BD5" value="true"/>
</engineerTo>
<useDomainConstraints>false</useDomainConstraints>
<use>1</use>
<logicalDatatype>LOGDT025</logicalDatatype>
<dataTypeSize>10</dataTypeSize>
<ownDataTypeParameters>10,,</ownDataTypeParameters>
</Attribute>
<Attribute name="odometerNumber" id="0D44A042-829D-F269-601C-840F00B57F52">
<createdBy>raykrishardi</createdBy>
<createdTime>2015-10-17 05:24:27 UTC</createdTime>
<ownerDesignName>logical_model</ownerDesignName>
<engineerTo>
<item key="7D244578-F146-DE18-5D12-95A53A971BD5" value="true"/>
</engineerTo>
<useDomainConstraints>false</useDomainConstraints>
<use>1</use>
<logicalDatatype>LOGDT024</logicalDatatype>
<dataTypeSize>6</dataTypeSize>
<ownDataTypeParameters>6,,</ownDataTypeParameters>
</Attribute>
<Attribute name="modelID" id="D6D547B3-6CBB-D334-E3AD-6DE58A8B2900">
<createdBy>raykrishardi</createdBy>
<createdTime>2015-10-17 05:27:41 UTC</createdTime>
<generatorID>10A864CC-418E-66EA-F169-C54CCB086061</generatorID>
<ownerDesignName>logical_model</ownerDesignName>
<engineerTo>
<item key="7D244578-F146-DE18-5D12-95A53A971BD5" value="true"/>
</engineerTo>
<referedAttribute>7EE76801-7A8B-6D25-9E67-D93D53F99ED5</referedAttribute>
<useDomainConstraints>false</useDomainConstraints>
<use>1</use>
<logicalDatatype>LOGDT019</logicalDatatype>
<dataTypePrecision>8</dataTypePrecision>
<ownDataTypeParameters>,8,</ownDataTypeParameters>
</Attribute>
<Attribute name="purchasePrice" id="13800B49-5391-F4FE-12C7-836CC36E24F8">
<createdBy>raykrishardi</createdBy>
<createdTime>2015-10-17 05:34:15 UTC</createdTime>
<ownerDesignName>logical_model</ownerDesignName>
<engineerTo>
<item key="7D244578-F146-DE18-5D12-95A53A971BD5" value="true"/>
</engineerTo>
<useDomainConstraints>false</useDomainConstraints>
<use>1</use>
<logicalDatatype>LOGDT019</logicalDatatype>
<dataTypePrecision>10</dataTypePrecision>
<ownDataTypeParameters>,10,</ownDataTypeParameters>
</Attribute>
<Attribute name="recommendedPrice" id="6ACE1B66-AFE5-78B9-D2BE-675C28BE6C44">
<createdBy>raykrishardi</createdBy>
<createdTime>2015-10-23 08:30:39 UTC</createdTime>
<ownerDesignName>logical_model</ownerDesignName>
<engineerTo>
<item key="7D244578-F146-DE18-5D12-95A53A971BD5" value="true"/>
</engineerTo>
<useDomainConstraints>false</useDomainConstraints>
<use>1</use>
<logicalDatatype>LOGDT019</logicalDatatype>
<dataTypePrecision>10</dataTypePrecision>
<ownDataTypeParameters>,10,</ownDataTypeParameters>
</Attribute>
<Attribute name="minimumPrice" id="1AACD332-21ED-AEA6-E7F0-CB7FA06AAD70">
<createdBy>raykrishardi</createdBy>
<createdTime>2015-10-23 08:31:44 UTC</createdTime>
<ownerDesignName>logical_model</ownerDesignName>
<engineerTo>
<item key="7D244578-F146-DE18-5D12-95A53A971BD5" value="true"/>
</engineerTo>
<useDomainConstraints>false</useDomainConstraints>
<use>1</use>
<logicalDatatype>LOGDT019</logicalDatatype>
<dataTypePrecision>10</dataTypePrecision>
<ownDataTypeParameters>,10,</ownDataTypeParameters>
</Attribute>
<Attribute name="yearOfManufacture" id="B4E99D29-5FB6-1DD6-A453-8B103A56D106">
<createdBy>raykrishardi</createdBy>
<createdTime>2015-10-23 08:33:07 UTC</createdTime>
<ownerDesignName>logical_model</ownerDesignName>
<engineerTo>
<item key="7D244578-F146-DE18-5D12-95A53A971BD5" value="true"/>
</engineerTo>
<useDomainConstraints>false</useDomainConstraints>
<use>1</use>
<logicalDatatype>LOGDT007</logicalDatatype>
<ownDataTypeParameters>,,</ownDataTypeParameters>
</Attribute>
<Attribute name="numberOfPreviousOwners" id="DACC30BA-E9D7-552E-E0FA-CA204711AF3C">
<createdBy>raykrishardi</createdBy>
<createdTime>2015-10-23 08:34:53 UTC</createdTime>
<ownerDesignName>logical_model</ownerDesignName>
<engineerTo>
<item key="7D244578-F146-DE18-5D12-95A53A971BD5" value="true"/>
</engineerTo>
<useDomainConstraints>false</useDomainConstraints>
<use>1</use>
<logicalDatatype>LOGDT019</logicalDatatype>
<dataTypePrecision>3</dataTypePrecision>
<ownDataTypeParameters>,3,</ownDataTypeParameters>
</Attribute>
</attributes>
<identifiers itemClass="oracle.dbtools.crest.model.design.logical.CandidateKey">
<identifier id="5D196C47-836B-EEC4-D00D-E40082387C8A" name="vehicle PK">
<createdBy>raykrishardi</createdBy>
<createdTime>2015-10-17 05:16:00 UTC</createdTime>
<ownerDesignName>logical_model</ownerDesignName>
<engineerTo>
<item key="7D244578-F146-DE18-5D12-95A53A971BD5" value="true"/>
</engineerTo>
<pk>true</pk>
<usedAttributes>
<attributeRef>CBC408E9-4101-CCEA-A615-638F47CE488F</attributeRef>
</usedAttributes>
</identifier>
</identifiers>
</Entity>