<?xml version = '1.0' encoding = 'UTF-8'?>
<Entity class="oracle.dbtools.crest.model.design.logical.Entity" directorySegmentName="seg_0" id="C847E18C-EDA5-1F5A-FCCB-C2E5C76AD69F" name="qualification">
<createdBy>raykrishardi</createdBy>
<createdTime>2015-10-17 04:29:25 UTC</createdTime>
<generatorID>A330415F-79F3-F33C-CE35-E016DB281758</generatorID>
<ownerDesignName>logical_model</ownerDesignName>
<engineerTo>
<item key="7D244578-F146-DE18-5D12-95A53A971BD5" value="true"/>
</engineerTo>
<adequatelyNormalized>NO</adequatelyNormalized>
<expectedVolumes>0</expectedVolumes>
<fwdEngineeringStrategyName>Single Table</fwdEngineeringStrategyName>
<growthPercent>0</growthPercent>
<growthType>Year</growthType>
<maxVolumes>9999999</maxVolumes>
<minVolumes>0</minVolumes>
<normalForm>Third</normalForm>
<attributes itemClass="oracle.dbtools.crest.model.design.logical.Attribute">
<Attribute name="qualificationID" id="C2134865-F845-E7F2-244F-193F991EA83A">
<createdBy>raykrishardi</createdBy>
<createdTime>2015-10-17 04:29:25 UTC</createdTime>
<generatorID>FB8C6E9C-3E86-95F9-72CD-92BF189D2D7F</generatorID>
<ownerDesignName>logical_model</ownerDesignName>
<engineerTo>
<item key="7D244578-F146-DE18-5D12-95A53A971BD5" value="true"/>
</engineerTo>
<useDomainConstraints>false</useDomainConstraints>
<use>1</use>
<logicalDatatype>LOGDT019</logicalDatatype>
<dataTypePrecision>8</dataTypePrecision>
<ownDataTypeParameters>,8,</ownDataTypeParameters>
</Attribute>
<Attribute name="qualificationDescription" id="EA1AAD84-D2B5-CD1C-3F4C-9D88F12D0720">
<createdBy>raykrishardi</createdBy>
<createdTime>2015-10-23 06:30:44 UTC</createdTime>
<ownerDesignName>logical_model</ownerDesignName>
<engineerTo>
<item key="7D244578-F146-DE18-5D12-95A53A971BD5" value="true"/>
</engineerTo>
<useDomainConstraints>false</useDomainConstraints>
<use>1</use>
<logicalDatatype>LOGDT024</logicalDatatype>
<dataTypeSize>30</dataTypeSize>
<ownDataTypeParameters>30,,</ownDataTypeParameters>
</Attribute>
<Attribute name="dateAchieved" id="B0E2F0DB-E691-940D-DDF4-0604B90DFB37">
<createdBy>raykrishardi</createdBy>
<createdTime>2015-10-23 08:05:34 UTC</createdTime>
<ownerDesignName>logical_model</ownerDesignName>
<engineerTo>
<item key="7D244578-F146-DE18-5D12-95A53A971BD5" value="true"/>
</engineerTo>
<useDomainConstraints>false</useDomainConstraints>
<use>1</use>
<logicalDatatype>LOGDT007</logicalDatatype>
<ownDataTypeParameters>,,</ownDataTypeParameters>
</Attribute>
</attributes>
<identifiers itemClass="oracle.dbtools.crest.model.design.logical.CandidateKey">
<identifier id="DA02B872-F90E-EDE6-E65B-CF6953FAA07B" name="qualification PK">
<createdBy>raykrishardi</createdBy>
<createdTime>2015-10-17 04:29:25 UTC</createdTime>
<generatorID>049FD8EB-6538-EBAF-E4F0-CBFDF57FE884</generatorID>
<ownerDesignName>logical_model</ownerDesignName>
<engineerTo>
<item key="7D244578-F146-DE18-5D12-95A53A971BD5" value="true"/>
</engineerTo>
<pk>true</pk>
<usedAttributes>
<attributeRef>C2134865-F845-E7F2-244F-193F991EA83A</attributeRef>
</usedAttributes>
</identifier>
</identifiers>
</Entity>