<?xml version = '1.0' encoding = 'UTF-8'?>
<Entity class="oracle.dbtools.crest.model.design.logical.Entity" directorySegmentName="seg_0" id="D7EC1435-F850-0764-D28D-C4B92E3FF439" name="secondhand_vehicle">
<createdBy>raykrishardi</createdBy>
<createdTime>2015-10-22 10:40:30 UTC</createdTime>
<ownerDesignName>logical_model</ownerDesignName>
<engineerTo>
<item key="7D244578-F146-DE18-5D12-95A53A971BD5" value="true"/>
</engineerTo>
<adequatelyNormalized>NO</adequatelyNormalized>
<expectedVolumes>0</expectedVolumes>
<fwdEngineeringStrategyName>Single Table</fwdEngineeringStrategyName>
<growthPercent>0</growthPercent>
<growthType>Year</growthType>
<maxVolumes>9999999</maxVolumes>
<minVolumes>0</minVolumes>
<normalForm>Third</normalForm>
<attributes itemClass="oracle.dbtools.crest.model.design.logical.Attribute">
<Attribute name="secondhand_vehicleID" id="CFFBBF66-64E4-168B-8D15-5E09A69C2B5C">
<createdBy>raykrishardi</createdBy>
<createdTime>2015-10-22 10:40:41 UTC</createdTime>
<ownerDesignName>logical_model</ownerDesignName>
<engineerTo>
<item key="7D244578-F146-DE18-5D12-95A53A971BD5" value="true"/>
</engineerTo>
<useDomainConstraints>false</useDomainConstraints>
<use>1</use>
<logicalDatatype>LOGDT019</logicalDatatype>
<dataTypePrecision>8</dataTypePrecision>
<ownDataTypeParameters>,8,</ownDataTypeParameters>
</Attribute>
<Attribute name="regNumber" id="100933D8-12E9-6D43-0B80-A0A7D33E5A47">
<createdBy>raykrishardi</createdBy>
<createdTime>2015-10-23 08:29:35 UTC</createdTime>
<generatorID>3D65AB23-47EE-74E2-CDD4-BAD29750524E</generatorID>
<ownerDesignName>logical_model</ownerDesignName>
<engineerTo>
<item key="7D244578-F146-DE18-5D12-95A53A971BD5" value="true"/>
</engineerTo>
<referedAttribute>CBC408E9-4101-CCEA-A615-638F47CE488F</referedAttribute>
<useDomainConstraints>false</useDomainConstraints>
<use>1</use>
<logicalDatatype>LOGDT025</logicalDatatype>
<dataTypeSize>6</dataTypeSize>
<ownDataTypeParameters>6,,</ownDataTypeParameters>
</Attribute>
<Attribute name="modelID" id="283C4CA8-19DD-EAFA-CDFE-EE703C523BC5">
<createdBy>raykrishardi</createdBy>
<createdTime>2015-10-23 09:22:27 UTC</createdTime>
<generatorID>D5ABB7E2-9577-3FA2-2032-A4CFA392C6D5</generatorID>
<ownerDesignName>logical_model</ownerDesignName>
<engineerTo>
<item key="7D244578-F146-DE18-5D12-95A53A971BD5" value="true"/>
</engineerTo>
<referedAttribute>7EE76801-7A8B-6D25-9E67-D93D53F99ED5</referedAttribute>
<useDomainConstraints>false</useDomainConstraints>
<use>1</use>
<logicalDatatype>LOGDT019</logicalDatatype>
<dataTypePrecision>8</dataTypePrecision>
<ownDataTypeParameters>,8,</ownDataTypeParameters>
</Attribute>
<Attribute name="dateAcquired" id="87FC990A-C884-8971-C4E2-49714702DB81">
<createdBy>raykrishardi</createdBy>
<createdTime>2015-10-23 09:25:11 UTC</createdTime>
<ownerDesignName>logical_model</ownerDesignName>
<engineerTo>
<item key="7D244578-F146-DE18-5D12-95A53A971BD5" value="true"/>
</engineerTo>
<useDomainConstraints>false</useDomainConstraints>
<use>1</use>
<logicalDatatype>LOGDT007</logicalDatatype>
<ownDataTypeParameters>,,</ownDataTypeParameters>
</Attribute>
<Attribute name="previousOwnerID" id="1651167C-E2E6-C42D-B747-FE9329D19E73">
<createdBy>raykrishardi</createdBy>
<createdTime>2015-10-23 00:50:15 UTC</createdTime>
<generatorID>D33E24DD-459F-40AE-AFE9-B1C7A0F66007</generatorID>
<ownerDesignName>logical_model</ownerDesignName>
<engineerTo>
<item key="7D244578-F146-DE18-5D12-95A53A971BD5" value="true"/>
</engineerTo>
<referedAttribute>3DB76408-B405-AE76-7130-10C90BE48AAE</referedAttribute>
<useDomainConstraints>false</useDomainConstraints>
<use>1</use>
<logicalDatatype>LOGDT019</logicalDatatype>
<dataTypePrecision>8</dataTypePrecision>
<ownDataTypeParameters>,8,</ownDataTypeParameters>
</Attribute>
<Attribute name="odometerDistance" id="868E47C2-FC40-5B83-9901-FA0F156D28B7">
<createdBy>raykrishardi</createdBy>
<createdTime>2015-10-23 09:25:35 UTC</createdTime>
<ownerDesignName>logical_model</ownerDesignName>
<engineerTo>
<item key="7D244578-F146-DE18-5D12-95A53A971BD5" value="true"/>
</engineerTo>
<useDomainConstraints>false</useDomainConstraints>
<use>1</use>
<logicalDatatype>LOGDT024</logicalDatatype>
<dataTypeSize>6</dataTypeSize>
<ownDataTypeParameters>6,,</ownDataTypeParameters>
</Attribute>
<Attribute name="engineNumber" id="E0865C73-861F-C28B-CFF1-082E12051BFF">
<createdBy>raykrishardi</createdBy>
<createdTime>2015-10-23 09:26:30 UTC</createdTime>
<ownerDesignName>logical_model</ownerDesignName>
<engineerTo>
<item key="7D244578-F146-DE18-5D12-95A53A971BD5" value="true"/>
</engineerTo>
<useDomainConstraints>false</useDomainConstraints>
<use>1</use>
<logicalDatatype>LOGDT019</logicalDatatype>
<dataTypePrecision>8</dataTypePrecision>
<ownDataTypeParameters>,8,</ownDataTypeParameters>
</Attribute>
<Attribute name="bodyIdentificationNumber" id="58A2AD3A-A441-F01D-AF56-1ECBACF196A1">
<createdBy>raykrishardi</createdBy>
<createdTime>2015-10-23 09:29:13 UTC</createdTime>
<ownerDesignName>logical_model</ownerDesignName>
<engineerTo>
<item key="7D244578-F146-DE18-5D12-95A53A971BD5" value="true"/>
</engineerTo>
<useDomainConstraints>false</useDomainConstraints>
<use>1</use>
<logicalDatatype>LOGDT019</logicalDatatype>
<dataTypePrecision>8</dataTypePrecision>
<ownDataTypeParameters>,8,</ownDataTypeParameters>
</Attribute>
<Attribute name="amountPaid" id="108A3A60-7D69-A973-1797-835C15DD77D3">
<createdBy>raykrishardi</createdBy>
<createdTime>2015-10-23 09:29:41 UTC</createdTime>
<ownerDesignName>logical_model</ownerDesignName>
<engineerTo>
<item key="7D244578-F146-DE18-5D12-95A53A971BD5" value="true"/>
</engineerTo>
<useDomainConstraints>false</useDomainConstraints>
<use>1</use>
<logicalDatatype>LOGDT019</logicalDatatype>
<dataTypePrecision>10</dataTypePrecision>
<ownDataTypeParameters>,10,</ownDataTypeParameters>
</Attribute>
</attributes>
<identifiers itemClass="oracle.dbtools.crest.model.design.logical.CandidateKey">
<identifier id="4E39E9C1-1521-5B22-D254-302D5BA98D13" name="secondhand_vehicle PK">
<createdBy>raykrishardi</createdBy>
<createdTime>2015-10-22 10:40:51 UTC</createdTime>
<ownerDesignName>logical_model</ownerDesignName>
<engineerTo>
<item key="7D244578-F146-DE18-5D12-95A53A971BD5" value="true"/>
</engineerTo>
<pk>true</pk>
<usedAttributes>
<attributeRef>CFFBBF66-64E4-168B-8D15-5E09A69C2B5C</attributeRef>
</usedAttributes>
</identifier>
</identifiers>
</Entity>