<?xml version = '1.0' encoding = 'UTF-8'?>
<Entity class="oracle.dbtools.crest.model.design.logical.Entity" directorySegmentName="seg_0" id="EC1748F3-AD53-C9D5-5651-A7F5B0BC342C" name="supplier_manufacturer">
<createdBy>raykrishardi</createdBy>
<createdTime>2015-10-22 15:44:47 UTC</createdTime>
<ownerDesignName>logical_model</ownerDesignName>
<engineerTo>
<item key="7D244578-F146-DE18-5D12-95A53A971BD5" value="true"/>
</engineerTo>
<adequatelyNormalized>NO</adequatelyNormalized>
<expectedVolumes>0</expectedVolumes>
<fwdEngineeringStrategyName>Single Table</fwdEngineeringStrategyName>
<growthPercent>0</growthPercent>
<growthType>Year</growthType>
<maxVolumes>9999999</maxVolumes>
<minVolumes>0</minVolumes>
<normalForm>Third</normalForm>
<attributes itemClass="oracle.dbtools.crest.model.design.logical.Attribute">
<Attribute name="supplierID" id="FE38171E-8BFD-B898-5875-AE0553BDF9BE">
<createdBy>raykrishardi</createdBy>
<createdTime>2015-10-22 15:45:10 UTC</createdTime>
<generatorID>B1380D71-9784-C748-B225-FED70A0C543C</generatorID>
<ownerDesignName>logical_model</ownerDesignName>
<engineerTo>
<item key="7D244578-F146-DE18-5D12-95A53A971BD5" value="true"/>
</engineerTo>
<referedAttribute>999ADA73-3381-95CF-6BD0-F50AEDFF803F</referedAttribute>
<useDomainConstraints>false</useDomainConstraints>
<use>1</use>
<logicalDatatype>LOGDT019</logicalDatatype>
<dataTypePrecision>8</dataTypePrecision>
<ownDataTypeParameters>,8,</ownDataTypeParameters>
</Attribute>
<Attribute name="manufacturerID" id="FDDAF427-6A7E-B573-FCD4-918516EA7008">
<createdBy>raykrishardi</createdBy>
<createdTime>2015-10-22 15:45:24 UTC</createdTime>
<generatorID>B61156B2-B17B-3D69-E5F2-480DD397296E</generatorID>
<ownerDesignName>logical_model</ownerDesignName>
<engineerTo>
<item key="7D244578-F146-DE18-5D12-95A53A971BD5" value="true"/>
</engineerTo>
<referedAttribute>DA6CE3FA-60F3-C1E1-24D4-F4B4442638B6</referedAttribute>
<useDomainConstraints>false</useDomainConstraints>
<use>1</use>
<logicalDatatype>LOGDT019</logicalDatatype>
<dataTypePrecision>8</dataTypePrecision>
<ownDataTypeParameters>,8,</ownDataTypeParameters>
</Attribute>
</attributes>
<identifiers itemClass="oracle.dbtools.crest.model.design.logical.CandidateKey">
<identifier id="9B6BC75E-344B-690B-B8AC-C0674EB72E5F" name="supplier_manufacturer PK">
<createdBy>raykrishardi</createdBy>
<createdTime>2015-10-22 15:45:10 UTC</createdTime>
<ownerDesignName>logical_model</ownerDesignName>
<engineerTo>
<item key="7D244578-F146-DE18-5D12-95A53A971BD5" value="true"/>
</engineerTo>
<pk>true</pk>
<usedAttributes>
<attributeRef>FE38171E-8BFD-B898-5875-AE0553BDF9BE</attributeRef>
<attributeRef>FDDAF427-6A7E-B573-FCD4-918516EA7008</attributeRef>
</usedAttributes>
</identifier>
</identifiers>
</Entity>