<?xml version = '1.0' encoding = 'UTF-8'?>
<Entity class="oracle.dbtools.crest.model.design.logical.Entity" directorySegmentName="seg_0" id="F77790E5-27F5-2E06-A82F-6E5152F4BCBE" name="testDrive">
<createdBy>raykrishardi</createdBy>
<createdTime>2015-10-22 10:29:24 UTC</createdTime>
<ownerDesignName>logical_model</ownerDesignName>
<engineerTo>
<item key="7D244578-F146-DE18-5D12-95A53A971BD5" value="true"/>
</engineerTo>
<adequatelyNormalized>NO</adequatelyNormalized>
<expectedVolumes>0</expectedVolumes>
<fwdEngineeringStrategyName>Single Table</fwdEngineeringStrategyName>
<growthPercent>0</growthPercent>
<growthType>Year</growthType>
<maxVolumes>9999999</maxVolumes>
<minVolumes>0</minVolumes>
<normalForm>Third</normalForm>
<attributes itemClass="oracle.dbtools.crest.model.design.logical.Attribute">
<Attribute name="testDriveID" id="E6533CDC-D3D0-4666-9487-1A3C8CE88106">
<createdBy>raykrishardi</createdBy>
<createdTime>2015-10-22 10:29:34 UTC</createdTime>
<ownerDesignName>logical_model</ownerDesignName>
<engineerTo>
<item key="7D244578-F146-DE18-5D12-95A53A971BD5" value="true"/>
</engineerTo>
<useDomainConstraints>false</useDomainConstraints>
<use>1</use>
<logicalDatatype>LOGDT019</logicalDatatype>
<dataTypePrecision>8</dataTypePrecision>
<ownDataTypeParameters>,8,</ownDataTypeParameters>
</Attribute>
<Attribute name="regNumber" id="7CB5515B-8BDF-F336-2753-31CA48995FA4">
<createdBy>raykrishardi</createdBy>
<createdTime>2015-10-23 08:29:35 UTC</createdTime>
<generatorID>488D62A6-A184-1C15-40C0-77FDADBA790E</generatorID>
<ownerDesignName>logical_model</ownerDesignName>
<engineerTo>
<item key="7D244578-F146-DE18-5D12-95A53A971BD5" value="true"/>
</engineerTo>
<referedAttribute>CBC408E9-4101-CCEA-A615-638F47CE488F</referedAttribute>
<useDomainConstraints>false</useDomainConstraints>
<use>1</use>
<logicalDatatype>LOGDT025</logicalDatatype>
<dataTypeSize>6</dataTypeSize>
<ownDataTypeParameters>6,,</ownDataTypeParameters>
</Attribute>
<Attribute name="customerNumber" id="B56FB6D7-2CF4-8BA9-A532-0F8E7F590A69">
<createdBy>raykrishardi</createdBy>
<createdTime>2015-10-22 10:30:07 UTC</createdTime>
<generatorID>94A86A77-1FF6-D88A-C82C-98309B1BA170</generatorID>
<ownerDesignName>logical_model</ownerDesignName>
<engineerTo>
<item key="7D244578-F146-DE18-5D12-95A53A971BD5" value="true"/>
</engineerTo>
<referedAttribute>B2793F38-F050-8C12-4BF4-B9BDD1659D48</referedAttribute>
<useDomainConstraints>false</useDomainConstraints>
<use>1</use>
<logicalDatatype>LOGDT025</logicalDatatype>
<dataTypeSize>7</dataTypeSize>
<ownDataTypeParameters>7,,</ownDataTypeParameters>
</Attribute>
<Attribute name="customerFirstName" id="8801EDB9-1EB8-752A-6D52-E90F74201E32">
<createdBy>raykrishardi</createdBy>
<createdTime>2015-10-23 08:51:15 UTC</createdTime>
<ownerDesignName>logical_model</ownerDesignName>
<engineerTo>
<item key="7D244578-F146-DE18-5D12-95A53A971BD5" value="true"/>
</engineerTo>
<useDomainConstraints>false</useDomainConstraints>
<use>1</use>
<logicalDatatype>LOGDT024</logicalDatatype>
<dataTypeSize>20</dataTypeSize>
<ownDataTypeParameters>20,,</ownDataTypeParameters>
</Attribute>
<Attribute name="customerLastName" id="6816065C-48A9-29B6-C9A7-BFD206AC5058">
<createdBy>raykrishardi</createdBy>
<createdTime>2015-10-23 08:51:29 UTC</createdTime>
<ownerDesignName>logical_model</ownerDesignName>
<engineerTo>
<item key="7D244578-F146-DE18-5D12-95A53A971BD5" value="true"/>
</engineerTo>
<useDomainConstraints>false</useDomainConstraints>
<use>1</use>
<logicalDatatype>LOGDT024</logicalDatatype>
<dataTypeSize>20</dataTypeSize>
<ownDataTypeParameters>20,,</ownDataTypeParameters>
</Attribute>
<Attribute name="licenseNumber" id="BF25FB66-8BBC-DF10-68E4-7D8C4362741D">
<createdBy>raykrishardi</createdBy>
<createdTime>2015-10-23 08:51:38 UTC</createdTime>
<ownerDesignName>logical_model</ownerDesignName>
<engineerTo>
<item key="7D244578-F146-DE18-5D12-95A53A971BD5" value="true"/>
</engineerTo>
<useDomainConstraints>false</useDomainConstraints>
<use>1</use>
<logicalDatatype>LOGDT024</logicalDatatype>
<dataTypeSize>15</dataTypeSize>
<ownDataTypeParameters>15,,</ownDataTypeParameters>
</Attribute>
<Attribute name="loanTime" id="8B9FC072-03DB-E8C0-0D98-64F77201E699">
<createdBy>raykrishardi</createdBy>
<createdTime>2015-10-23 08:51:38 UTC</createdTime>
<ownerDesignName>logical_model</ownerDesignName>
<engineerTo>
<item key="7D244578-F146-DE18-5D12-95A53A971BD5" value="true"/>
</engineerTo>
<useDomainConstraints>false</useDomainConstraints>
<use>1</use>
<logicalDatatype>LOGDT014</logicalDatatype>
<ownDataTypeParameters>,,</ownDataTypeParameters>
</Attribute>
<Attribute name="returnTime" id="77A020B1-51C0-CF3F-08E1-D45F6ED11BB7">
<createdBy>raykrishardi</createdBy>
<createdTime>2015-10-23 08:51:39 UTC</createdTime>
<ownerDesignName>logical_model</ownerDesignName>
<engineerTo>
<item key="7D244578-F146-DE18-5D12-95A53A971BD5" value="true"/>
</engineerTo>
<useDomainConstraints>false</useDomainConstraints>
<use>1</use>
<logicalDatatype>LOGDT014</logicalDatatype>
<ownDataTypeParameters>,,</ownDataTypeParameters>
</Attribute>
</attributes>
<identifiers itemClass="oracle.dbtools.crest.model.design.logical.CandidateKey">
<identifier id="C333989A-FF82-01FE-4F5F-AFCC45E21803" name="testDrive PK">
<createdBy>raykrishardi</createdBy>
<createdTime>2015-10-22 10:29:43 UTC</createdTime>
<ownerDesignName>logical_model</ownerDesignName>
<engineerTo>
<item key="7D244578-F146-DE18-5D12-95A53A971BD5" value="true"/>
</engineerTo>
<pk>true</pk>
<usedAttributes>
<attributeRef>E6533CDC-D3D0-4666-9487-1A3C8CE88106</attributeRef>
</usedAttributes>
</identifier>
</identifiers>
</Entity>