<?xml version = '1.0' encoding = 'UTF-8'?>
<Diagram class="oracle.dbtools.crest.swingui.relational.DPVRelational" name="Relational_1" id="4265B17C-02E5-942C-2B4B-9535D2BF81FD">
<createdBy>raykrishardi</createdBy>
<modifiedBy>raykrishardi</modifiedBy>
<createdTime>2015-10-23 11:24:19 UTC</createdTime>
<autoRoute>false</autoRoute>
<boxInbox>true</boxInbox>
<showLegend>false</showLegend>
<showLabels>false</showLabels>
<showRelAttributes>false</showRelAttributes>
<gridEnabled>false</gridEnabled>
<showGrid>false</showGrid>
<diagramColor>-1</diagramColor>
<display>false</display>
<notation>1</notation>
<objectViews>
<OView class="oracle.dbtools.crest.swingui.relational.TVTable" oid="01BA416A-5EBE-5991-A50B-591D78CDD939" otype="Table" vid="DCBAFDF9-F532-661C-F90B-AF00DB91FD90">
<hideElementsInCurrentOnly>false</hideElementsInCurrentOnly>
<bounds x="1084" y="299" width="245" height="94"/>
</OView>
<OView class="oracle.dbtools.crest.swingui.relational.TVTable" oid="036ED422-3CF9-AE82-703C-C40420107611" otype="Table" vid="9630B7CA-A997-50F3-23DA-ADE1D03F0F1B">
<hideElementsInCurrentOnly>false</hideElementsInCurrentOnly>
<bounds x="0" y="1011" width="241" height="91"/>
</OView>
<OView class="oracle.dbtools.crest.swingui.relational.TVTable" oid="28C12C8A-68DE-815E-06F5-0A5DA91F7062" otype="Table" vid="3E3C7D99-D624-0DA1-30D5-2B1C8DD79D42">
<hideElementsInCurrentOnly>false</hideElementsInCurrentOnly>
<bounds x="1140" y="457" width="241" height="142"/>
</OView>
<OView class="oracle.dbtools.crest.swingui.relational.TVTable" oid="3890A821-F797-E810-27C8-D69F0B0F6940" otype="Table" vid="BEE6AAB6-CB37-97C6-390C-EA07AFFE7C1E">
<hideElementsInCurrentOnly>false</hideElementsInCurrentOnly>
<bounds x="737" y="2" width="247" height="189"/>
</OView>
<OView class="oracle.dbtools.crest.swingui.relational.TVTable" oid="40FE0E09-0CC6-A4C6-06B1-72F2D20CF18B" otype="Table" vid="7DA76A55-912D-8AF8-96B5-B08B5C85844D">
<hideElementsInCurrentOnly>false</hideElementsInCurrentOnly>
<bounds x="39" y="73" width="189" height="145"/>
</OView>
<OView class="oracle.dbtools.crest.swingui.relational.TVTable" oid="414B66EE-6931-07E2-D874-847351509C08" otype="Table" vid="5048D37B-F7B3-4970-44E8-42D2E183550F">
<hideElementsInCurrentOnly>false</hideElementsInCurrentOnly>
<bounds x="125" y="449" width="233" height="137"/>
</OView>
<OView class="oracle.dbtools.crest.swingui.relational.TVTable" oid="45BEE6C4-8D1C-B8C5-0A4E-1ABAD8D46E8C" otype="Table" vid="613576C4-4172-D2EA-FA07-A9C96337563A">
<hideElementsInCurrentOnly>false</hideElementsInCurrentOnly>
<bounds x="386" y="711" width="246" height="187"/>
</OView>
<OView class="oracle.dbtools.crest.swingui.relational.TVTable" oid="5FF46B64-A4F9-48E1-B743-F4D705FD1437" otype="Table" vid="BCDD04DA-B578-5995-6CBE-E42F41FE433F">
<hideElementsInCurrentOnly>false</hideElementsInCurrentOnly>
<bounds x="365" y="42" width="228" height="131"/>
</OView>
<OView class="oracle.dbtools.crest.swingui.relational.TVTable" oid="65B79BE9-FF08-C422-7B5C-049A3D37F1FF" otype="Table" vid="9E21732D-7F72-A258-69D9-C3152FDDB966">
<hideElementsInCurrentOnly>false</hideElementsInCurrentOnly>
<bounds x="450" y="527" width="249" height="119"/>
</OView>
<OView class="oracle.dbtools.crest.swingui.relational.TVTable" oid="70D3A08A-9C19-12B7-239E-675C57E58F48" otype="Table" vid="FC1E6761-F1DD-D639-D1A2-3F76BF8EA6F4">
<hideElementsInCurrentOnly>false</hideElementsInCurrentOnly>
<bounds x="736" y="287" width="293" height="100"/>
</OView>
<OView class="oracle.dbtools.crest.swingui.relational.TVTable" oid="79CDEF13-F1E4-4DD6-A69E-112C97B85219" otype="Table" vid="B5FFF9EA-3067-EA23-0BDB-BB08680A4073">
<hideElementsInCurrentOnly>false</hideElementsInCurrentOnly>
<bounds x="804" y="625" width="225" height="164"/>
</OView>
<OView class="oracle.dbtools.crest.swingui.relational.TVTable" oid="88A6CBA4-C6A7-BA4C-FB01-45826DC86BBF" otype="Table" vid="166DBB3C-E6D9-8C26-BC08-7DC9032FA3DF">
<hideElementsInCurrentOnly>false</hideElementsInCurrentOnly>
<bounds x="15" y="1460" width="262" height="151"/>
</OView>
<OView class="oracle.dbtools.crest.swingui.relational.TVTable" oid="8C315F35-2921-C6BD-F4FF-1AEDEB9895CE" otype="Table" vid="D4BA71CA-A771-CFC8-33F3-66B07E62A655">
<hideElementsInCurrentOnly>false</hideElementsInCurrentOnly>
<bounds x="1056" y="180" width="234" height="98"/>
</OView>
<OView class="oracle.dbtools.crest.swingui.relational.TVTable" oid="9FB39C43-4B54-D2E9-3E7F-9F89320638B3" otype="Table" vid="6D09DA79-A1BE-552F-A7D6-06D57670A439">
<hideElementsInCurrentOnly>false</hideElementsInCurrentOnly>
<bounds x="476" y="287" width="221" height="160"/>
</OView>
<OView class="oracle.dbtools.crest.swingui.relational.TVTable" oid="B53B4027-4D39-CE76-12E2-FC69B577768A" otype="Table" vid="D5166673-1C3E-574C-9E30-36D8019AC57B">
<hideElementsInCurrentOnly>false</hideElementsInCurrentOnly>
<bounds x="423" y="1383" width="258" height="178"/>
</OView>
<OView class="oracle.dbtools.crest.swingui.relational.TVTable" oid="B816E820-0708-87CF-FA88-0CA381B17A08" otype="Table" vid="529EA2D6-9642-9DCC-7C12-72965D266AE2">
<hideElementsInCurrentOnly>false</hideElementsInCurrentOnly>
<bounds x="10" y="306" width="223" height="81"/>
</OView>
<OView class="oracle.dbtools.crest.swingui.relational.TVTable" oid="BB41A59A-A272-0ED3-96BD-CB39179C83B3" otype="Table" vid="5F0E15F9-26BE-6024-572C-A75947F04089">
<hideElementsInCurrentOnly>false</hideElementsInCurrentOnly>
<bounds x="2" y="1167" width="293" height="110"/>
</OView>
<OView class="oracle.dbtools.crest.swingui.relational.TVTable" oid="C49B8245-6CD8-A770-0126-B43F46E5F9D1" otype="Table" vid="7B6151FE-0D26-D3AD-257D-E7BD483076E2">
<hideElementsInCurrentOnly>false</hideElementsInCurrentOnly>
<bounds x="717" y="935" width="259" height="179"/>
</OView>
<OView class="oracle.dbtools.crest.swingui.relational.TVTable" oid="CF916E81-8E08-DB13-A1A0-C43E99B56187" otype="Table" vid="DFDD0EE4-3557-EFDE-1C11-EFF1F1410D84">
<hideElementsInCurrentOnly>false</hideElementsInCurrentOnly>
<bounds x="342" y="1114" width="294" height="174"/>
</OView>
<OView class="oracle.dbtools.crest.swingui.relational.TVTable" oid="DD8788B6-ACB5-F43F-C881-2A535FC77279" otype="Table" vid="B6384433-7C7A-BF44-E602-EAC439BAE1A0">
<hideElementsInCurrentOnly>false</hideElementsInCurrentOnly>
<bounds x="1033" y="45" width="271" height="86"/>
</OView>
<OView class="oracle.dbtools.crest.swingui.relational.TVTable" oid="EAF62006-D9CA-CE67-EBB5-47D1FECAA096" otype="Table" vid="FE20B253-3234-B9D9-EE36-AC239EF4DDDF">
<hideElementsInCurrentOnly>false</hideElementsInCurrentOnly>
<bounds x="27" y="781" width="177" height="109"/>
</OView>
<OView class="oracle.dbtools.crest.swingui.relational.TVTable" oid="EDA88C89-C06A-F813-2BBB-9C451E253952" otype="Table" vid="B4BF6D7D-592A-CFBE-0E6A-602A63EA2C67">
<hideElementsInCurrentOnly>false</hideElementsInCurrentOnly>
<bounds x="850" y="479" width="203" height="109"/>
</OView>
<OView class="oracle.dbtools.crest.swingui.relational.TVTable" oid="F13BAFDE-3247-9FA2-83D6-06B83AD3013C" otype="Table" vid="135887CD-7780-293A-1BC8-0BDE07E8DC93">
<hideElementsInCurrentOnly>false</hideElementsInCurrentOnly>
<bounds x="353" y="940" width="246" height="117"/>
</OView>
</objectViews>
<connectors>
<Connector class="oracle.dbtools.crest.swingui.relational.TVFKRelation" oid="0044E036-B187-E65B-60B9-EF6EF17944CC" otype="FKIndexAssociation" vid_source="5048D37B-F7B3-4970-44E8-42D2E183550F" vid_target="529EA2D6-9642-9DCC-7C12-72965D266AE2">
<hideElementsInCurrentOnly>false</hideElementsInCurrentOnly>
<lineWidth>1</lineWidth>
<points>
<point x="179" y="449"/>
<point x="179" y="387"/>
</points>
</Connector>
<Connector class="oracle.dbtools.crest.swingui.relational.TVFKRelation" oid="019F994A-DDE2-6AA7-EDA4-B73E74C687FA" otype="FKIndexAssociation" vid_source="7B6151FE-0D26-D3AD-257D-E7BD483076E2" vid_target="6D09DA79-A1BE-552F-A7D6-06D57670A439">
<hideElementsInCurrentOnly>false</hideElementsInCurrentOnly>
<lineWidth>1</lineWidth>
<points>
<point x="759" y="935"/>
<point x="759" y="417"/>
<point x="697" y="417"/>
</points>
</Connector>
<Connector class="oracle.dbtools.crest.swingui.relational.TVFKRelation" oid="043D3496-F86A-DCD3-6AA3-BF45A590777E" otype="FKIndexAssociation" vid_source="BCDD04DA-B578-5995-6CBE-E42F41FE433F" vid_target="BEE6AAB6-CB37-97C6-390C-EA07AFFE7C1E">
<hideElementsInCurrentOnly>false</hideElementsInCurrentOnly>
<lineWidth>1</lineWidth>
<points>
<point x="593" y="93"/>
<point x="660" y="93"/>
<point x="737" y="93"/>
</points>
</Connector>
<Connector class="oracle.dbtools.crest.swingui.relational.TVFKRelation" oid="10699149-3AA5-41DB-C6A2-90199DE3A35A" otype="FKIndexAssociation" vid_source="BEE6AAB6-CB37-97C6-390C-EA07AFFE7C1E" vid_target="FC1E6761-F1DD-D639-D1A2-3F76BF8EA6F4">
<hideElementsInCurrentOnly>false</hideElementsInCurrentOnly>
<lineWidth>1</lineWidth>
<points>
<point x="860" y="191"/>
<point x="860" y="287"/>
</points>
</Connector>
<Connector class="oracle.dbtools.crest.swingui.relational.TVFKRelation" oid="158C5986-680A-79B5-658A-4A68F52042EA" otype="FKIndexAssociation" vid_source="7DA76A55-912D-8AF8-96B5-B08B5C85844D" vid_target="BEE6AAB6-CB37-97C6-390C-EA07AFFE7C1E">
<hideElementsInCurrentOnly>false</hideElementsInCurrentOnly>
<lineWidth>1</lineWidth>
<points>
<point x="228" y="73"/>
<point x="111" y="21"/>
<point x="737" y="73"/>
</points>
</Connector>
<Connector class="oracle.dbtools.crest.swingui.relational.TVFKRelation" oid="237FC80E-4C51-8AE2-E65F-02B29DDBA013" otype="FKIndexAssociation" vid_source="9630B7CA-A997-50F3-23DA-ADE1D03F0F1B" vid_target="5F0E15F9-26BE-6024-572C-A75947F04089">
<hideElementsInCurrentOnly>false</hideElementsInCurrentOnly>
<lineWidth>1</lineWidth>
<points>
<point x="121" y="1102"/>
<point x="121" y="1167"/>
</points>
</Connector>
<Connector class="oracle.dbtools.crest.swingui.relational.TVFKRelation" oid="3245C8C8-01DA-5FD4-09F6-0DD707D97662" otype="FKIndexAssociation" vid_source="BEE6AAB6-CB37-97C6-390C-EA07AFFE7C1E" vid_target="7DA76A55-912D-8AF8-96B5-B08B5C85844D">
<hideElementsInCurrentOnly>false</hideElementsInCurrentOnly>
<lineWidth>1</lineWidth>
<points>
<point x="737" y="21"/>
<point x="111" y="21"/>
<point x="111" y="73"/>
</points>
</Connector>
<Connector class="oracle.dbtools.crest.swingui.relational.TVFKRelation" oid="3968B097-BB83-B7FC-1559-FDC728D0A18C" otype="FKIndexAssociation" vid_source="6D09DA79-A1BE-552F-A7D6-06D57670A439" vid_target="9E21732D-7F72-A258-69D9-C3152FDDB966">
<hideElementsInCurrentOnly>false</hideElementsInCurrentOnly>
<lineWidth>1</lineWidth>
<points>
<point x="586" y="447"/>
<point x="586" y="527"/>
</points>
</Connector>
<Connector class="oracle.dbtools.crest.swingui.relational.TVFKRelation" oid="41390246-BB16-27FB-B204-F1A17364E9DA" otype="FKIndexAssociation" vid_source="7DA76A55-912D-8AF8-96B5-B08B5C85844D" vid_target="613576C4-4172-D2EA-FA07-A9C96337563A">
<hideElementsInCurrentOnly>false</hideElementsInCurrentOnly>
<lineWidth>1</lineWidth>
<points>
<point x="228" y="191"/>
<point x="415" y="191"/>
<point x="415" y="711"/>
</points>
</Connector>
<Connector class="oracle.dbtools.crest.swingui.relational.TVFKRelation" oid="51A4DE86-FAD6-C250-A862-352D311071F6" otype="FKIndexAssociation" vid_source="DFDD0EE4-3557-EFDE-1C11-EFF1F1410D84" vid_target="613576C4-4172-D2EA-FA07-A9C96337563A">
<hideElementsInCurrentOnly>false</hideElementsInCurrentOnly>
<lineWidth>1</lineWidth>
<points>
<point x="614" y="1114"/>
<point x="614" y="1078"/>
<point x="614" y="898"/>
</points>
</Connector>
<Connector class="oracle.dbtools.crest.swingui.relational.TVFKRelation" oid="5D1C3B35-385D-9B70-AB74-09C9C2A089AC" otype="FKIndexAssociation" vid_source="7DA76A55-912D-8AF8-96B5-B08B5C85844D" vid_target="BCDD04DA-B578-5995-6CBE-E42F41FE433F">
<hideElementsInCurrentOnly>false</hideElementsInCurrentOnly>
<lineWidth>1</lineWidth>
<points>
<point x="228" y="112"/>
<point x="300" y="112"/>
<point x="365" y="112"/>
</points>
</Connector>
<Connector class="oracle.dbtools.crest.swingui.relational.TVFKRelation" oid="645500F4-AC64-3AD1-FA97-B6EB2F08EBA9" otype="FKIndexAssociation" vid_source="BEE6AAB6-CB37-97C6-390C-EA07AFFE7C1E" vid_target="6D09DA79-A1BE-552F-A7D6-06D57670A439">
<hideElementsInCurrentOnly>false</hideElementsInCurrentOnly>
<lineWidth>1</lineWidth>
<points>
<point x="737" y="121"/>
<point x="617" y="121"/>
<point x="617" y="287"/>
</points>
</Connector>
<Connector class="oracle.dbtools.crest.swingui.relational.TVFKRelation" oid="69E5C146-8D37-0243-A643-61E37A847384" otype="FKIndexAssociation" vid_source="613576C4-4172-D2EA-FA07-A9C96337563A" vid_target="D5166673-1C3E-574C-9E30-36D8019AC57B">
<hideElementsInCurrentOnly>false</hideElementsInCurrentOnly>
<lineWidth>1</lineWidth>
<points>
<point x="632" y="876"/>
<point x="655" y="876"/>
<point x="655" y="1383"/>
</points>
</Connector>
<Connector class="oracle.dbtools.crest.swingui.relational.TVFKRelation" oid="771D29E1-94E8-5A3F-7547-0EC123F0AD15" otype="FKIndexAssociation" vid_source="BEE6AAB6-CB37-97C6-390C-EA07AFFE7C1E" vid_target="B6384433-7C7A-BF44-E602-EAC439BAE1A0">
<hideElementsInCurrentOnly>false</hideElementsInCurrentOnly>
<lineWidth>1</lineWidth>
<points>
<point x="984" y="88"/>
<point x="1033" y="88"/>
</points>
</Connector>
<Connector class="oracle.dbtools.crest.swingui.relational.TVFKRelation" oid="7C9F35C6-420C-F834-A732-C840E1BA8C6A" otype="FKIndexAssociation" vid_source="DCBAFDF9-F532-661C-F90B-AF00DB91FD90" vid_target="FC1E6761-F1DD-D639-D1A2-3F76BF8EA6F4">
<hideElementsInCurrentOnly>false</hideElementsInCurrentOnly>
<lineWidth>1</lineWidth>
<points>
<point x="1084" y="343"/>
<point x="1029" y="343"/>
</points>
</Connector>
<Connector class="oracle.dbtools.crest.swingui.relational.TVFKRelation" oid="85DD27BF-411B-900D-FE15-750D8DDE91FA" otype="FKIndexAssociation" vid_source="613576C4-4172-D2EA-FA07-A9C96337563A" vid_target="9E21732D-7F72-A258-69D9-C3152FDDB966">
<hideElementsInCurrentOnly>false</hideElementsInCurrentOnly>
<lineWidth>1</lineWidth>
<points>
<point x="541" y="711"/>
<point x="541" y="646"/>
</points>
</Connector>
<Connector class="oracle.dbtools.crest.swingui.relational.TVFKRelation" oid="881BF18F-2874-8203-339C-BFC9C68AF12A" otype="FKIndexAssociation" vid_source="D4BA71CA-A771-CFC8-33F3-66B07E62A655" vid_target="B6384433-7C7A-BF44-E602-EAC439BAE1A0">
<hideElementsInCurrentOnly>false</hideElementsInCurrentOnly>
<lineWidth>1</lineWidth>
<points>
<point x="1173" y="180"/>
<point x="1173" y="131"/>
</points>
</Connector>
<Connector class="oracle.dbtools.crest.swingui.relational.TVFKRelation" oid="A0122B43-D345-7633-7015-E9100EBEA8BF" otype="FKIndexAssociation" vid_source="B4BF6D7D-592A-CFBE-0E6A-602A63EA2C67" vid_target="3E3C7D99-D624-0DA1-30D5-2B1C8DD79D42">
<hideElementsInCurrentOnly>false</hideElementsInCurrentOnly>
<lineWidth>1</lineWidth>
<points>
<point x="1053" y="532"/>
<point x="1080" y="532"/>
<point x="1140" y="532"/>
</points>
</Connector>
<Connector class="oracle.dbtools.crest.swingui.relational.TVFKRelation" oid="A2B9E7A1-1149-0932-0FC9-5748C4ED2E27" otype="FKIndexAssociation" vid_source="DFDD0EE4-3557-EFDE-1C11-EFF1F1410D84" vid_target="D5166673-1C3E-574C-9E30-36D8019AC57B">
<hideElementsInCurrentOnly>false</hideElementsInCurrentOnly>
<lineWidth>1</lineWidth>
<points>
<point x="520" y="1288"/>
<point x="520" y="1340"/>
<point x="520" y="1383"/>
</points>
</Connector>
<Connector class="oracle.dbtools.crest.swingui.relational.TVFKRelation" oid="A41CBE42-9C68-7292-98FF-884219E64126" otype="FKIndexAssociation" vid_source="BEE6AAB6-CB37-97C6-390C-EA07AFFE7C1E" vid_target="5048D37B-F7B3-4970-44E8-42D2E183550F">
<hideElementsInCurrentOnly>false</hideElementsInCurrentOnly>
<lineWidth>1</lineWidth>
<points>
<point x="737" y="177"/>
<point x="254" y="177"/>
<point x="254" y="449"/>
</points>
</Connector>
<Connector class="oracle.dbtools.crest.swingui.relational.TVFKRelation" oid="A4354BF2-A473-3911-40A1-DDE1830D4979" otype="FKIndexAssociation" vid_source="135887CD-7780-293A-1BC8-0BDE07E8DC93" vid_target="DFDD0EE4-3557-EFDE-1C11-EFF1F1410D84">
<hideElementsInCurrentOnly>false</hideElementsInCurrentOnly>
<lineWidth>1</lineWidth>
<points>
<point x="476" y="1057"/>
<point x="476" y="1114"/>
</points>
</Connector>
<Connector class="oracle.dbtools.crest.swingui.relational.TVFKRelation" oid="BC152FDA-8391-DC2F-5037-D9B87E727073" otype="FKIndexAssociation" vid_source="7B6151FE-0D26-D3AD-257D-E7BD483076E2" vid_target="B5FFF9EA-3067-EA23-0BDB-BB08680A4073">
<hideElementsInCurrentOnly>false</hideElementsInCurrentOnly>
<lineWidth>1</lineWidth>
<points>
<point x="890" y="935"/>
<point x="890" y="789"/>
</points>
</Connector>
<Connector class="oracle.dbtools.crest.swingui.relational.TVFKRelation" oid="C22D75D6-95B8-BE1D-FA5B-3916FB417EAC" otype="FKIndexAssociation" vid_source="D5166673-1C3E-574C-9E30-36D8019AC57B" vid_target="5048D37B-F7B3-4970-44E8-42D2E183550F">
<hideElementsInCurrentOnly>false</hideElementsInCurrentOnly>
<lineWidth>1</lineWidth>
<points>
<point x="423" y="1450"/>
<point x="314" y="1450"/>
<point x="314" y="586"/>
</points>
</Connector>
<Connector class="oracle.dbtools.crest.swingui.relational.TVFKRelation" oid="CF576528-F500-ACF6-FEBD-2C8D52C3AE0C" otype="FKIndexAssociation" vid_source="166DBB3C-E6D9-8C26-BC08-7DC9032FA3DF" vid_target="D5166673-1C3E-574C-9E30-36D8019AC57B">
<hideElementsInCurrentOnly>false</hideElementsInCurrentOnly>
<lineWidth>1</lineWidth>
<points>
<point x="277" y="1510"/>
<point x="423" y="1510"/>
</points>
</Connector>
<Connector class="oracle.dbtools.crest.swingui.relational.TVFKRelation" oid="D0DE088C-CDF6-BE17-479A-11DBD5225109" otype="FKIndexAssociation" vid_source="6D09DA79-A1BE-552F-A7D6-06D57670A439" vid_target="B4BF6D7D-592A-CFBE-0E6A-602A63EA2C67">
<hideElementsInCurrentOnly>false</hideElementsInCurrentOnly>
<lineWidth>1</lineWidth>
<points>
<point x="629" y="447"/>
<point x="629" y="497"/>
<point x="850" y="497"/>
</points>
</Connector>
<Connector class="oracle.dbtools.crest.swingui.relational.TVFKRelation" oid="D6203F94-B02D-2EFB-8186-71973F6F475A" otype="FKIndexAssociation" vid_source="9630B7CA-A997-50F3-23DA-ADE1D03F0F1B" vid_target="FE20B253-3234-B9D9-EE36-AC239EF4DDDF">
<hideElementsInCurrentOnly>false</hideElementsInCurrentOnly>
<lineWidth>1</lineWidth>
<points>
<point x="107" y="1011"/>
<point x="107" y="894"/>
<point x="107" y="890"/>
</points>
</Connector>
<Connector class="oracle.dbtools.crest.swingui.relational.TVFKRelation" oid="D976C395-CCA6-05BB-C96B-AE20BDB7F189" otype="FKIndexAssociation" vid_source="3E3C7D99-D624-0DA1-30D5-2B1C8DD79D42" vid_target="B4BF6D7D-592A-CFBE-0E6A-602A63EA2C67">
<hideElementsInCurrentOnly>false</hideElementsInCurrentOnly>
<lineWidth>1</lineWidth>
<points>
<point x="1140" y="532"/>
<point x="1080" y="532"/>
<point x="1053" y="532"/>
</points>
</Connector>
<Connector class="oracle.dbtools.crest.swingui.relational.TVFKRelation" oid="DC18184F-2099-4A7F-F3D0-F34E4523BA46" otype="FKIndexAssociation" vid_source="135887CD-7780-293A-1BC8-0BDE07E8DC93" vid_target="5F0E15F9-26BE-6024-572C-A75947F04089">
<hideElementsInCurrentOnly>false</hideElementsInCurrentOnly>
<lineWidth>1</lineWidth>
<points>
<point x="353" y="978"/>
<point x="257" y="978"/>
<point x="257" y="1167"/>
</points>
</Connector>
<Connector class="oracle.dbtools.crest.swingui.relational.TVFKRelation" oid="E48D8D20-ABA2-B1C6-12AC-FD91B958E300" otype="FKIndexAssociation" vid_source="FE20B253-3234-B9D9-EE36-AC239EF4DDDF" vid_target="529EA2D6-9642-9DCC-7C12-72965D266AE2">
<hideElementsInCurrentOnly>false</hideElementsInCurrentOnly>
<lineWidth>1</lineWidth>
<points>
<point x="115" y="781"/>
<point x="115" y="387"/>
</points>
</Connector>
<Connector class="oracle.dbtools.crest.swingui.relational.TVFKRelation" oid="EC3C9439-677C-51CC-FA4E-3F0B4118B842" otype="FKIndexAssociation" vid_source="613576C4-4172-D2EA-FA07-A9C96337563A" vid_target="B5FFF9EA-3067-EA23-0BDB-BB08680A4073">
<hideElementsInCurrentOnly>false</hideElementsInCurrentOnly>
<lineWidth>1</lineWidth>
<points>
<point x="632" y="829"/>
<point x="845" y="829"/>
<point x="845" y="789"/>
</points>
</Connector>
</connectors>
</Diagram>