<?xml version = '1.0' encoding = 'UTF-8'?>
<FKIndexAssociation class="oracle.dbtools.crest.model.design.relational.FKIndexAssociation" directorySegmentName="seg_0" id="0044E036-B187-E65B-60B9-EF6EF17944CC" containerWithKeyObject="B816E820-0708-87CF-FA88-0CA381B17A08" localFKIndex="5748B813-3F2B-D7A1-39A8-4841CB51E999" name="valuation_parts">
<createdBy>raykrishardi</createdBy>
<createdTime>2015-10-23 11:24:19 UTC</createdTime>
<generatorID>6D7C4C1F-D9F1-9B7E-9E5B-9F61C39375DF</generatorID>
<ownerDesignName>logical_model</ownerDesignName>
<deleteRule>NO ACTION</deleteRule>
<referredTableID>414B66EE-6931-07E2-D874-847351509C08</referredTableID>
<keyObject>8AC6FC3C-3C07-56D8-0F64-414D29C44BFE</keyObject>
<referredKeyID>8AC6FC3C-3C07-56D8-0F64-414D29C44BFE</referredKeyID>
<mandatory>true</mandatory>
<transferable>true</transferable>
<rely>false</rely>
<columnDependencyConstraintGenerateInDDL>true</columnDependencyConstraintGenerateInDDL>
</FKIndexAssociation>