<?xml version = '1.0' encoding = 'UTF-8'?>
<FKIndexAssociation class="oracle.dbtools.crest.model.design.relational.FKIndexAssociation" directorySegmentName="seg_0" id="019F994A-DDE2-6AA7-EDA4-B73E74C687FA" containerWithKeyObject="9FB39C43-4B54-D2E9-3E7F-9F89320638B3" localFKIndex="9D9CB9F4-B390-48FC-9C8B-E302041F0EC6" name="customer_sales">
<createdBy>raykrishardi</createdBy>
<createdTime>2015-10-23 11:24:19 UTC</createdTime>
<generatorID>0411B73F-15C4-93FA-9257-4F7E413A248A</generatorID>
<ownerDesignName>logical_model</ownerDesignName>
<deleteRule>NO ACTION</deleteRule>
<referredTableID>C49B8245-6CD8-A770-0126-B43F46E5F9D1</referredTableID>
<keyObject>7C1F7B11-83C5-EB4A-1114-07DA3322A6D7</keyObject>
<referredKeyID>7C1F7B11-83C5-EB4A-1114-07DA3322A6D7</referredKeyID>
<mandatory>true</mandatory>
<transferable>true</transferable>
<rely>false</rely>
<columnDependencyConstraintGenerateInDDL>true</columnDependencyConstraintGenerateInDDL>
</FKIndexAssociation>