<?xml version = '1.0' encoding = 'UTF-8'?>
<FKIndexAssociation class="oracle.dbtools.crest.model.design.relational.FKIndexAssociation" directorySegmentName="seg_0" id="043D3496-F86A-DCD3-6AA3-BF45A590777E" containerWithKeyObject="3890A821-F797-E810-27C8-D69F0B0F6940" localFKIndex="CF85A77C-EAA6-BD19-8D98-17DE32FE9617" name="employee_department">
<createdBy>raykrishardi</createdBy>
<createdTime>2015-10-23 11:24:19 UTC</createdTime>
<generatorID>209A35AA-C84E-35AB-E6A0-1CF95E4A2F0B</generatorID>
<ownerDesignName>logical_model</ownerDesignName>
<deleteRule>NO ACTION</deleteRule>
<referredTableID>5FF46B64-A4F9-48E1-B743-F4D705FD1437</referredTableID>
<keyObject>7201D188-3772-26A1-3B81-3AED9F89B3EC</keyObject>
<referredKeyID>7201D188-3772-26A1-3B81-3AED9F89B3EC</referredKeyID>
<mandatory>true</mandatory>
<transferable>true</transferable>
<rely>false</rely>
<columnDependencyConstraintGenerateInDDL>true</columnDependencyConstraintGenerateInDDL>
</FKIndexAssociation>