<?xml version = '1.0' encoding = 'UTF-8'?>
<FKIndexAssociation class="oracle.dbtools.crest.model.design.relational.FKIndexAssociation" directorySegmentName="seg_0" id="10699149-3AA5-41DB-C6A2-90199DE3A35A" containerWithKeyObject="70D3A08A-9C19-12B7-239E-675C57E58F48" localFKIndex="427CE743-56CA-6D35-C02B-10366F034BA1" name="employee_qualificationv1">
<createdBy>raykrishardi</createdBy>
<createdTime>2015-10-23 11:24:19 UTC</createdTime>
<generatorID>1BF40CAF-DE8A-093A-EC00-91CCD26E3C9B</generatorID>
<ownerDesignName>logical_model</ownerDesignName>
<deleteRule>NO ACTION</deleteRule>
<referredTableID>3890A821-F797-E810-27C8-D69F0B0F6940</referredTableID>
<keyObject>81501BD7-39CE-611D-1B98-1A56C28599E3</keyObject>
<referredKeyID>81501BD7-39CE-611D-1B98-1A56C28599E3</referredKeyID>
<mandatory>true</mandatory>
<transferable>true</transferable>
<rely>false</rely>
<columnDependencyConstraintGenerateInDDL>true</columnDependencyConstraintGenerateInDDL>
</FKIndexAssociation>