<?xml version = '1.0' encoding = 'UTF-8'?>
<FKIndexAssociation class="oracle.dbtools.crest.model.design.relational.FKIndexAssociation" directorySegmentName="seg_0" id="158C5986-680A-79B5-658A-4A68F52042EA" containerWithKeyObject="3890A821-F797-E810-27C8-D69F0B0F6940" localFKIndex="19CED6BE-513C-D617-F6CD-F918F515F58D" name="employee_manager_branchv1">
<createdBy>raykrishardi</createdBy>
<createdTime>2015-10-23 11:24:19 UTC</createdTime>
<generatorID>FE239D27-70D6-9B80-8450-1F5CDDDE4DB2</generatorID>
<ownerDesignName>logical_model</ownerDesignName>
<deleteRule>NO ACTION</deleteRule>
<referredTableID>40FE0E09-0CC6-A4C6-06B1-72F2D20CF18B</referredTableID>
<keyObject>560BEC8C-EA95-8ACB-EF05-1CA437045F3D</keyObject>
<referredKeyID>560BEC8C-EA95-8ACB-EF05-1CA437045F3D</referredKeyID>
<mandatory>true</mandatory>
<transferable>true</transferable>
<rely>false</rely>
<columnDependencyConstraintGenerateInDDL>true</columnDependencyConstraintGenerateInDDL>
</FKIndexAssociation>