<?xml version = '1.0' encoding = 'UTF-8'?>
<FKIndexAssociation class="oracle.dbtools.crest.model.design.relational.FKIndexAssociation" directorySegmentName="seg_0" id="237FC80E-4C51-8AE2-E65F-02B29DDBA013" containerWithKeyObject="BB41A59A-A272-0ED3-96BD-CB39179C83B3" localFKIndex="40A56800-249C-2D29-B08B-FD7A5BE9D435" name="supplier_manufacturerv1">
<createdBy>raykrishardi</createdBy>
<createdTime>2015-10-23 11:24:19 UTC</createdTime>
<generatorID>B1380D71-9784-C748-B225-FED70A0C543C</generatorID>
<ownerDesignName>logical_model</ownerDesignName>
<deleteRule>NO ACTION</deleteRule>
<referredTableID>036ED422-3CF9-AE82-703C-C40420107611</referredTableID>
<keyObject>0A7A8DE3-EFCA-E575-F162-E20C8C519E33</keyObject>
<referredKeyID>0A7A8DE3-EFCA-E575-F162-E20C8C519E33</referredKeyID>
<mandatory>true</mandatory>
<transferable>true</transferable>
<rely>false</rely>
<columnDependencyConstraintGenerateInDDL>true</columnDependencyConstraintGenerateInDDL>
</FKIndexAssociation>