<?xml version = '1.0' encoding = 'UTF-8'?>
<FKIndexAssociation class="oracle.dbtools.crest.model.design.relational.FKIndexAssociation" directorySegmentName="seg_0" id="3245C8C8-01DA-5FD4-09F6-0DD707D97662" containerWithKeyObject="40FE0E09-0CC6-A4C6-06B1-72F2D20CF18B" localFKIndex="141A58BC-475E-A4C5-11E4-1381D1C1E8E0" name="employee_manager_branch">
<createdBy>raykrishardi</createdBy>
<createdTime>2015-10-23 11:24:19 UTC</createdTime>
<generatorID>FE239D27-70D6-9B80-8450-1F5CDDDE4DB2</generatorID>
<ownerDesignName>logical_model</ownerDesignName>
<deleteRule>NO ACTION</deleteRule>
<referredTableID>3890A821-F797-E810-27C8-D69F0B0F6940</referredTableID>
<keyObject>81501BD7-39CE-611D-1B98-1A56C28599E3</keyObject>
<referredKeyID>81501BD7-39CE-611D-1B98-1A56C28599E3</referredKeyID>
<mandatory>true</mandatory>
<transferable>true</transferable>
<rely>false</rely>
<columnDependencyConstraintGenerateInDDL>true</columnDependencyConstraintGenerateInDDL>
</FKIndexAssociation>