<?xml version = '1.0' encoding = 'UTF-8'?>
<FKIndexAssociation class="oracle.dbtools.crest.model.design.relational.FKIndexAssociation" directorySegmentName="seg_0" id="3968B097-BB83-B7FC-1559-FDC728D0A18C" containerWithKeyObject="65B79BE9-FF08-C422-7B5C-049A3D37F1FF" localFKIndex="C3FE65F1-9DC6-D862-92CE-81EC11D241AE" name="sales_vehiclev1">
<createdBy>raykrishardi</createdBy>
<createdTime>2015-10-23 11:24:19 UTC</createdTime>
<generatorID>BC631F41-FD18-56B0-8F01-9D53F6A5B05B</generatorID>
<ownerDesignName>logical_model</ownerDesignName>
<deleteRule>NO ACTION</deleteRule>
<referredTableID>9FB39C43-4B54-D2E9-3E7F-9F89320638B3</referredTableID>
<keyObject>6DDE2977-E27F-EE0C-888C-688548C6E1DD</keyObject>
<referredKeyID>6DDE2977-E27F-EE0C-888C-688548C6E1DD</referredKeyID>
<mandatory>true</mandatory>
<transferable>true</transferable>
<rely>false</rely>
<columnDependencyConstraintGenerateInDDL>true</columnDependencyConstraintGenerateInDDL>
</FKIndexAssociation>