<?xml version = '1.0' encoding = 'UTF-8'?>
<FKIndexAssociation class="oracle.dbtools.crest.model.design.relational.FKIndexAssociation" directorySegmentName="seg_0" id="41390246-BB16-27FB-B204-F1A17364E9DA" containerWithKeyObject="45BEE6C4-8D1C-B8C5-0A4E-1ABAD8D46E8C" localFKIndex="9E0663D5-D050-05C6-94C7-717793C77A43" name="vehicle_branch">
<createdBy>raykrishardi</createdBy>
<createdTime>2015-10-23 11:24:19 UTC</createdTime>
<generatorID>5744FA53-0D8F-8952-5E44-718B44A36B5D</generatorID>
<ownerDesignName>logical_model</ownerDesignName>
<deleteRule>NO ACTION</deleteRule>
<referredTableID>40FE0E09-0CC6-A4C6-06B1-72F2D20CF18B</referredTableID>
<keyObject>560BEC8C-EA95-8ACB-EF05-1CA437045F3D</keyObject>
<referredKeyID>560BEC8C-EA95-8ACB-EF05-1CA437045F3D</referredKeyID>
<mandatory>true</mandatory>
<transferable>true</transferable>
<rely>false</rely>
<columnDependencyConstraintGenerateInDDL>true</columnDependencyConstraintGenerateInDDL>
</FKIndexAssociation>