<?xml version = '1.0' encoding = 'UTF-8'?>
<FKIndexAssociation class="oracle.dbtools.crest.model.design.relational.FKIndexAssociation" directorySegmentName="seg_0" id="51A4DE86-FAD6-C250-A862-352D311071F6" containerWithKeyObject="45BEE6C4-8D1C-B8C5-0A4E-1ABAD8D46E8C" localFKIndex="155C642C-625C-2B3D-C2B2-C42163168598" name="model_vehicle">
<createdBy>raykrishardi</createdBy>
<createdTime>2015-10-23 11:24:19 UTC</createdTime>
<generatorID>10A864CC-418E-66EA-F169-C54CCB086061</generatorID>
<ownerDesignName>logical_model</ownerDesignName>
<deleteRule>NO ACTION</deleteRule>
<referredTableID>CF916E81-8E08-DB13-A1A0-C43E99B56187</referredTableID>
<keyObject>5AAA465C-0CA8-E919-B4FD-1C173CCC3FD6</keyObject>
<referredKeyID>5AAA465C-0CA8-E919-B4FD-1C173CCC3FD6</referredKeyID>
<mandatory>true</mandatory>
<transferable>true</transferable>
<rely>false</rely>
<columnDependencyConstraintGenerateInDDL>true</columnDependencyConstraintGenerateInDDL>
</FKIndexAssociation>