<?xml version = '1.0' encoding = 'UTF-8'?>
<FKIndexAssociation class="oracle.dbtools.crest.model.design.relational.FKIndexAssociation" directorySegmentName="seg_0" id="5D1C3B35-385D-9B70-AB74-09C9C2A089AC" containerWithKeyObject="5FF46B64-A4F9-48E1-B743-F4D705FD1437" localFKIndex="ECAE7414-8548-7BD2-B21D-6E1AE328454D" name="branch_department">
<createdBy>raykrishardi</createdBy>
<createdTime>2015-10-23 11:24:19 UTC</createdTime>
<generatorID>BDAE16B6-22EA-F97A-C03F-BDA1AF470332</generatorID>
<ownerDesignName>logical_model</ownerDesignName>
<deleteRule>NO ACTION</deleteRule>
<referredTableID>40FE0E09-0CC6-A4C6-06B1-72F2D20CF18B</referredTableID>
<keyObject>560BEC8C-EA95-8ACB-EF05-1CA437045F3D</keyObject>
<referredKeyID>560BEC8C-EA95-8ACB-EF05-1CA437045F3D</referredKeyID>
<mandatory>true</mandatory>
<transferable>true</transferable>
<rely>false</rely>
<columnDependencyConstraintGenerateInDDL>true</columnDependencyConstraintGenerateInDDL>
</FKIndexAssociation>