<?xml version = '1.0' encoding = 'UTF-8'?>
<FKIndexAssociation class="oracle.dbtools.crest.model.design.relational.FKIndexAssociation" directorySegmentName="seg_0" id="645500F4-AC64-3AD1-FA97-B6EB2F08EBA9" containerWithKeyObject="9FB39C43-4B54-D2E9-3E7F-9F89320638B3" localFKIndex="376309E4-CB03-FC57-29AF-2B73B7C96582" name="employee_sales">
<createdBy>raykrishardi</createdBy>
<createdTime>2015-10-23 11:24:19 UTC</createdTime>
<generatorID>F6F3F0CE-BB8A-819D-A4CA-392FA32517CE</generatorID>
<ownerDesignName>logical_model</ownerDesignName>
<deleteRule>NO ACTION</deleteRule>
<referredTableID>3890A821-F797-E810-27C8-D69F0B0F6940</referredTableID>
<keyObject>81501BD7-39CE-611D-1B98-1A56C28599E3</keyObject>
<referredKeyID>81501BD7-39CE-611D-1B98-1A56C28599E3</referredKeyID>
<mandatory>true</mandatory>
<transferable>true</transferable>
<rely>false</rely>
<columnDependencyConstraintGenerateInDDL>true</columnDependencyConstraintGenerateInDDL>
</FKIndexAssociation>