<?xml version = '1.0' encoding = 'UTF-8'?>
<FKIndexAssociation class="oracle.dbtools.crest.model.design.relational.FKIndexAssociation" directorySegmentName="seg_0" id="69E5C146-8D37-0243-A643-61E37A847384" containerWithKeyObject="B53B4027-4D39-CE76-12E2-FC69B577768A" localFKIndex="F5F5862D-C912-E8F4-710F-A85098D67309" name="vehicle_secondhandvehicle">
<createdBy>raykrishardi</createdBy>
<createdTime>2015-10-23 11:24:19 UTC</createdTime>
<generatorID>3D65AB23-47EE-74E2-CDD4-BAD29750524E</generatorID>
<ownerDesignName>logical_model</ownerDesignName>
<deleteRule>NO ACTION</deleteRule>
<referredTableID>45BEE6C4-8D1C-B8C5-0A4E-1ABAD8D46E8C</referredTableID>
<keyObject>D709294B-0DBF-A75E-42DF-C9221D4E1871</keyObject>
<referredKeyID>D709294B-0DBF-A75E-42DF-C9221D4E1871</referredKeyID>
<mandatory>true</mandatory>
<transferable>true</transferable>
<rely>false</rely>
<columnDependencyConstraintGenerateInDDL>true</columnDependencyConstraintGenerateInDDL>
</FKIndexAssociation>