<?xml version = '1.0' encoding = 'UTF-8'?>
<FKIndexAssociation class="oracle.dbtools.crest.model.design.relational.FKIndexAssociation" directorySegmentName="seg_0" id="771D29E1-94E8-5A3F-7547-0EC123F0AD15" containerWithKeyObject="DD8788B6-ACB5-F43F-C881-2A535FC77279" localFKIndex="F8FF1CE3-FD70-F2EC-B461-593FCEE60070" name="employee_certificate">
<createdBy>raykrishardi</createdBy>
<createdTime>2015-10-23 11:24:19 UTC</createdTime>
<generatorID>F54EEAD2-2BBA-EC61-F76A-8D732AD4F9F1</generatorID>
<ownerDesignName>logical_model</ownerDesignName>
<deleteRule>NO ACTION</deleteRule>
<referredTableID>3890A821-F797-E810-27C8-D69F0B0F6940</referredTableID>
<keyObject>81501BD7-39CE-611D-1B98-1A56C28599E3</keyObject>
<referredKeyID>81501BD7-39CE-611D-1B98-1A56C28599E3</referredKeyID>
<mandatory>true</mandatory>
<transferable>true</transferable>
<rely>false</rely>
<columnDependencyConstraintGenerateInDDL>true</columnDependencyConstraintGenerateInDDL>
</FKIndexAssociation>