<?xml version = '1.0' encoding = 'UTF-8'?>
<FKIndexAssociation class="oracle.dbtools.crest.model.design.relational.FKIndexAssociation" directorySegmentName="seg_0" id="7C9F35C6-420C-F834-A732-C840E1BA8C6A" containerWithKeyObject="70D3A08A-9C19-12B7-239E-675C57E58F48" localFKIndex="5C74EF46-BEB7-4CBE-C3CE-364F4BFD596F" name="employee_qualification">
<createdBy>raykrishardi</createdBy>
<createdTime>2015-10-23 11:24:19 UTC</createdTime>
<generatorID>92CBFB3B-5836-D702-2FFE-8A1CDB4D4D01</generatorID>
<ownerDesignName>logical_model</ownerDesignName>
<deleteRule>NO ACTION</deleteRule>
<referredTableID>01BA416A-5EBE-5991-A50B-591D78CDD939</referredTableID>
<keyObject>BE738F4C-1994-3047-7112-C0531548CB8A</keyObject>
<referredKeyID>BE738F4C-1994-3047-7112-C0531548CB8A</referredKeyID>
<mandatory>true</mandatory>
<transferable>true</transferable>
<rely>false</rely>
<columnDependencyConstraintGenerateInDDL>true</columnDependencyConstraintGenerateInDDL>
</FKIndexAssociation>