<?xml version = '1.0' encoding = 'UTF-8'?>
<FKIndexAssociation class="oracle.dbtools.crest.model.design.relational.FKIndexAssociation" directorySegmentName="seg_0" id="85DD27BF-411B-900D-FE15-750D8DDE91FA" containerWithKeyObject="65B79BE9-FF08-C422-7B5C-049A3D37F1FF" localFKIndex="8F7F5E8A-E8EC-6EE5-5B60-12AF70E380F5" name="sales_vehicle">
<createdBy>raykrishardi</createdBy>
<createdTime>2015-10-23 11:24:19 UTC</createdTime>
<generatorID>9B76213B-1D31-A09C-ADC4-4FB9BA6319CD</generatorID>
<ownerDesignName>logical_model</ownerDesignName>
<deleteRule>NO ACTION</deleteRule>
<referredTableID>45BEE6C4-8D1C-B8C5-0A4E-1ABAD8D46E8C</referredTableID>
<keyObject>D709294B-0DBF-A75E-42DF-C9221D4E1871</keyObject>
<referredKeyID>D709294B-0DBF-A75E-42DF-C9221D4E1871</referredKeyID>
<mandatory>true</mandatory>
<transferable>true</transferable>
<rely>false</rely>
<columnDependencyConstraintGenerateInDDL>true</columnDependencyConstraintGenerateInDDL>
</FKIndexAssociation>