<?xml version = '1.0' encoding = 'UTF-8'?>
<FKIndexAssociation class="oracle.dbtools.crest.model.design.relational.FKIndexAssociation" directorySegmentName="seg_0" id="881BF18F-2874-8203-339C-BFC9C68AF12A" containerWithKeyObject="DD8788B6-ACB5-F43F-C881-2A535FC77279" localFKIndex="3BB9497C-7552-50C1-02FD-8D5A65395A34" name="certificate_employee">
<createdBy>raykrishardi</createdBy>
<createdTime>2015-10-23 11:24:19 UTC</createdTime>
<generatorID>2F971938-06E7-C43B-DEE6-4FDA728B4DC5</generatorID>
<ownerDesignName>logical_model</ownerDesignName>
<deleteRule>NO ACTION</deleteRule>
<referredTableID>8C315F35-2921-C6BD-F4FF-1AEDEB9895CE</referredTableID>
<keyObject>4D1C8A54-EE94-A262-8865-452392CE859D</keyObject>
<referredKeyID>4D1C8A54-EE94-A262-8865-452392CE859D</referredKeyID>
<mandatory>true</mandatory>
<transferable>true</transferable>
<rely>false</rely>
<columnDependencyConstraintGenerateInDDL>true</columnDependencyConstraintGenerateInDDL>
</FKIndexAssociation>