<?xml version = '1.0' encoding = 'UTF-8'?>
<FKIndexAssociation class="oracle.dbtools.crest.model.design.relational.FKIndexAssociation" directorySegmentName="seg_0" id="A0122B43-D345-7633-7015-E9100EBEA8BF" containerWithKeyObject="28C12C8A-68DE-815E-06F5-0A5DA91F7062" localFKIndex="AA292F8D-68F3-9724-D614-0D4FF7C2848B" name="sales_paymentv1">
<createdBy>raykrishardi</createdBy>
<createdTime>2015-10-23 11:24:19 UTC</createdTime>
<generatorID>BD69A382-8A82-8CA0-78FC-83746EBA9C21</generatorID>
<ownerDesignName>logical_model</ownerDesignName>
<deleteRule>NO ACTION</deleteRule>
<referredTableID>EDA88C89-C06A-F813-2BBB-9C451E253952</referredTableID>
<keyObject>5C000D2A-DB74-62D8-7748-70E03E5CA7D1</keyObject>
<referredKeyID>5C000D2A-DB74-62D8-7748-70E03E5CA7D1</referredKeyID>
<mandatory>true</mandatory>
<transferable>true</transferable>
<rely>false</rely>
<columnDependencyConstraintGenerateInDDL>true</columnDependencyConstraintGenerateInDDL>
</FKIndexAssociation>