<?xml version = '1.0' encoding = 'UTF-8'?>
<FKIndexAssociation class="oracle.dbtools.crest.model.design.relational.FKIndexAssociation" directorySegmentName="seg_0" id="A2B9E7A1-1149-0932-0FC9-5748C4ED2E27" containerWithKeyObject="B53B4027-4D39-CE76-12E2-FC69B577768A" localFKIndex="C91B7025-53D2-F9A7-5556-0CBCA34CCE88" name="secondhandcarvehicle_model">
<createdBy>raykrishardi</createdBy>
<createdTime>2015-10-23 11:24:19 UTC</createdTime>
<generatorID>D5ABB7E2-9577-3FA2-2032-A4CFA392C6D5</generatorID>
<ownerDesignName>logical_model</ownerDesignName>
<deleteRule>NO ACTION</deleteRule>
<referredTableID>CF916E81-8E08-DB13-A1A0-C43E99B56187</referredTableID>
<keyObject>5AAA465C-0CA8-E919-B4FD-1C173CCC3FD6</keyObject>
<referredKeyID>5AAA465C-0CA8-E919-B4FD-1C173CCC3FD6</referredKeyID>
<mandatory>true</mandatory>
<transferable>true</transferable>
<rely>false</rely>
<columnDependencyConstraintGenerateInDDL>true</columnDependencyConstraintGenerateInDDL>
</FKIndexAssociation>