<?xml version = '1.0' encoding = 'UTF-8'?>
<FKIndexAssociation class="oracle.dbtools.crest.model.design.relational.FKIndexAssociation" directorySegmentName="seg_0" id="A41CBE42-9C68-7292-98FF-884219E64126" containerWithKeyObject="414B66EE-6931-07E2-D874-847351509C08" localFKIndex="901BDF48-F26E-23E4-F973-C8E8DF903E2B" name="employee_valuation(mechanic)">
<createdBy>raykrishardi</createdBy>
<createdTime>2015-10-23 11:24:19 UTC</createdTime>
<generatorID>BA09B46E-18E6-7D64-2748-683C23BB446F</generatorID>
<ownerDesignName>logical_model</ownerDesignName>
<deleteRule>NO ACTION</deleteRule>
<referredTableID>3890A821-F797-E810-27C8-D69F0B0F6940</referredTableID>
<keyObject>81501BD7-39CE-611D-1B98-1A56C28599E3</keyObject>
<referredKeyID>81501BD7-39CE-611D-1B98-1A56C28599E3</referredKeyID>
<mandatory>true</mandatory>
<transferable>true</transferable>
<rely>false</rely>
<columnDependencyConstraintGenerateInDDL>true</columnDependencyConstraintGenerateInDDL>
</FKIndexAssociation>