<?xml version = '1.0' encoding = 'UTF-8'?>
<FKIndexAssociation class="oracle.dbtools.crest.model.design.relational.FKIndexAssociation" directorySegmentName="seg_0" id="A4354BF2-A473-3911-40A1-DDE1830D4979" containerWithKeyObject="CF916E81-8E08-DB13-A1A0-C43E99B56187" localFKIndex="0F967CDB-DDE5-55FC-A1D3-0DD0BEAC62B4" name="manufacturer_model">
<createdBy>raykrishardi</createdBy>
<createdTime>2015-10-23 11:24:19 UTC</createdTime>
<generatorID>4A1D2626-6A11-5494-5E86-78CAABDFF3AE</generatorID>
<ownerDesignName>logical_model</ownerDesignName>
<deleteRule>NO ACTION</deleteRule>
<referredTableID>F13BAFDE-3247-9FA2-83D6-06B83AD3013C</referredTableID>
<keyObject>249BF1F7-DC88-333F-3670-1A1D668A554F</keyObject>
<referredKeyID>249BF1F7-DC88-333F-3670-1A1D668A554F</referredKeyID>
<mandatory>true</mandatory>
<transferable>true</transferable>
<rely>false</rely>
<columnDependencyConstraintGenerateInDDL>true</columnDependencyConstraintGenerateInDDL>
</FKIndexAssociation>