<?xml version = '1.0' encoding = 'UTF-8'?>
<FKIndexAssociation class="oracle.dbtools.crest.model.design.relational.FKIndexAssociation" directorySegmentName="seg_0" id="BC152FDA-8391-DC2F-5037-D9B87E727073" containerWithKeyObject="79CDEF13-F1E4-4DD6-A69E-112C97B85219" localFKIndex="FD1D014A-4A98-95A4-EE4A-27A91914D981" name="testDrive_customer">
<createdBy>raykrishardi</createdBy>
<createdTime>2015-10-23 11:24:19 UTC</createdTime>
<generatorID>94A86A77-1FF6-D88A-C82C-98309B1BA170</generatorID>
<ownerDesignName>logical_model</ownerDesignName>
<deleteRule>NO ACTION</deleteRule>
<referredTableID>C49B8245-6CD8-A770-0126-B43F46E5F9D1</referredTableID>
<keyObject>7C1F7B11-83C5-EB4A-1114-07DA3322A6D7</keyObject>
<referredKeyID>7C1F7B11-83C5-EB4A-1114-07DA3322A6D7</referredKeyID>
<mandatory>true</mandatory>
<transferable>true</transferable>
<rely>false</rely>
<columnDependencyConstraintGenerateInDDL>true</columnDependencyConstraintGenerateInDDL>
</FKIndexAssociation>