<?xml version = '1.0' encoding = 'UTF-8'?>
<FKIndexAssociation class="oracle.dbtools.crest.model.design.relational.FKIndexAssociation" directorySegmentName="seg_0" id="C22D75D6-95B8-BE1D-FA5B-3916FB417EAC" containerWithKeyObject="414B66EE-6931-07E2-D874-847351509C08" localFKIndex="5174C9E2-7AD9-1A2E-39A7-085CA857942B" name="valuation_secondhandvehicle">
<createdBy>raykrishardi</createdBy>
<createdTime>2015-10-23 11:24:19 UTC</createdTime>
<generatorID>3FC11F6A-1A35-9154-6E39-A5347F70270D</generatorID>
<ownerDesignName>logical_model</ownerDesignName>
<deleteRule>NO ACTION</deleteRule>
<referredTableID>B53B4027-4D39-CE76-12E2-FC69B577768A</referredTableID>
<keyObject>0F536288-8F2E-E597-B5A6-B7AE4EC15F8F</keyObject>
<referredKeyID>0F536288-8F2E-E597-B5A6-B7AE4EC15F8F</referredKeyID>
<mandatory>true</mandatory>
<transferable>true</transferable>
<rely>false</rely>
<columnDependencyConstraintGenerateInDDL>true</columnDependencyConstraintGenerateInDDL>
</FKIndexAssociation>