<?xml version = '1.0' encoding = 'UTF-8'?>
<FKIndexAssociation class="oracle.dbtools.crest.model.design.relational.FKIndexAssociation" directorySegmentName="seg_0" id="CF576528-F500-ACF6-FEBD-2C8D52C3AE0C" containerWithKeyObject="B53B4027-4D39-CE76-12E2-FC69B577768A" localFKIndex="775C85BF-E187-6195-DB33-AC83F72323F6" name="prevOwner_2ndhandvehicle">
<createdBy>raykrishardi</createdBy>
<createdTime>2015-10-23 11:24:19 UTC</createdTime>
<generatorID>D33E24DD-459F-40AE-AFE9-B1C7A0F66007</generatorID>
<ownerDesignName>logical_model</ownerDesignName>
<deleteRule>NO ACTION</deleteRule>
<referredTableID>88A6CBA4-C6A7-BA4C-FB01-45826DC86BBF</referredTableID>
<keyObject>704757E3-FA79-BC47-80D2-0154628CA53B</keyObject>
<referredKeyID>704757E3-FA79-BC47-80D2-0154628CA53B</referredKeyID>
<mandatory>true</mandatory>
<transferable>true</transferable>
<rely>false</rely>
<columnDependencyConstraintGenerateInDDL>true</columnDependencyConstraintGenerateInDDL>
</FKIndexAssociation>