<?xml version = '1.0' encoding = 'UTF-8'?>
<FKIndexAssociation class="oracle.dbtools.crest.model.design.relational.FKIndexAssociation" directorySegmentName="seg_0" id="D0DE088C-CDF6-BE17-479A-11DBD5225109" containerWithKeyObject="EDA88C89-C06A-F813-2BBB-9C451E253952" localFKIndex="DB2BF3F5-2D19-2898-A420-7D78E4E5C09D" name="sales_paymentv1v1">
<createdBy>raykrishardi</createdBy>
<createdTime>2015-10-23 11:24:19 UTC</createdTime>
<generatorID>1E9071B5-38D4-E3CC-C66D-476E88B1ADFF</generatorID>
<ownerDesignName>logical_model</ownerDesignName>
<deleteRule>NO ACTION</deleteRule>
<referredTableID>9FB39C43-4B54-D2E9-3E7F-9F89320638B3</referredTableID>
<keyObject>6DDE2977-E27F-EE0C-888C-688548C6E1DD</keyObject>
<referredKeyID>6DDE2977-E27F-EE0C-888C-688548C6E1DD</referredKeyID>
<mandatory>true</mandatory>
<transferable>true</transferable>
<rely>false</rely>
<columnDependencyConstraintGenerateInDDL>true</columnDependencyConstraintGenerateInDDL>
</FKIndexAssociation>