<?xml version = '1.0' encoding = 'UTF-8'?>
<FKIndexAssociation class="oracle.dbtools.crest.model.design.relational.FKIndexAssociation" directorySegmentName="seg_0" id="D6203F94-B02D-2EFB-8186-71973F6F475A" containerWithKeyObject="EAF62006-D9CA-CE67-EBB5-47D1FECAA096" localFKIndex="7BCD28AF-FFF1-C5CE-AAE6-CCDDE1CE4991" name="part_supplier">
<createdBy>raykrishardi</createdBy>
<createdTime>2015-10-23 11:24:19 UTC</createdTime>
<generatorID>03CE489E-C2F3-F6C7-BBDF-123170ED4124</generatorID>
<ownerDesignName>logical_model</ownerDesignName>
<deleteRule>NO ACTION</deleteRule>
<referredTableID>036ED422-3CF9-AE82-703C-C40420107611</referredTableID>
<keyObject>0A7A8DE3-EFCA-E575-F162-E20C8C519E33</keyObject>
<referredKeyID>0A7A8DE3-EFCA-E575-F162-E20C8C519E33</referredKeyID>
<mandatory>true</mandatory>
<transferable>true</transferable>
<rely>false</rely>
<columnDependencyConstraintGenerateInDDL>true</columnDependencyConstraintGenerateInDDL>
</FKIndexAssociation>