<?xml version = '1.0' encoding = 'UTF-8'?>
<FKIndexAssociation class="oracle.dbtools.crest.model.design.relational.FKIndexAssociation" directorySegmentName="seg_0" id="D976C395-CCA6-05BB-C96B-AE20BDB7F189" containerWithKeyObject="EDA88C89-C06A-F813-2BBB-9C451E253952" localFKIndex="22965197-CE1F-0F64-45FD-D3863B34A87B" name="sales_payment">
<createdBy>raykrishardi</createdBy>
<createdTime>2015-10-23 11:24:19 UTC</createdTime>
<generatorID>BD69A382-8A82-8CA0-78FC-83746EBA9C21</generatorID>
<ownerDesignName>logical_model</ownerDesignName>
<deleteRule>NO ACTION</deleteRule>
<referredTableID>28C12C8A-68DE-815E-06F5-0A5DA91F7062</referredTableID>
<keyObject>F043091D-B5A7-1AFC-4710-B4244A33B768</keyObject>
<referredKeyID>F043091D-B5A7-1AFC-4710-B4244A33B768</referredKeyID>
<mandatory>true</mandatory>
<transferable>true</transferable>
<rely>false</rely>
<columnDependencyConstraintGenerateInDDL>true</columnDependencyConstraintGenerateInDDL>
</FKIndexAssociation>