<?xml version = '1.0' encoding = 'UTF-8'?>
<FKIndexAssociation class="oracle.dbtools.crest.model.design.relational.FKIndexAssociation" directorySegmentName="seg_0" id="DC18184F-2099-4A7F-F3D0-F34E4523BA46" containerWithKeyObject="BB41A59A-A272-0ED3-96BD-CB39179C83B3" localFKIndex="DFD85923-CD87-9BB6-298B-2DD85D0AC211" name="supplier_manufacturerv2">
<createdBy>raykrishardi</createdBy>
<createdTime>2015-10-23 11:24:19 UTC</createdTime>
<generatorID>B61156B2-B17B-3D69-E5F2-480DD397296E</generatorID>
<ownerDesignName>logical_model</ownerDesignName>
<deleteRule>NO ACTION</deleteRule>
<referredTableID>F13BAFDE-3247-9FA2-83D6-06B83AD3013C</referredTableID>
<keyObject>249BF1F7-DC88-333F-3670-1A1D668A554F</keyObject>
<referredKeyID>249BF1F7-DC88-333F-3670-1A1D668A554F</referredKeyID>
<mandatory>true</mandatory>
<transferable>true</transferable>
<rely>false</rely>
<columnDependencyConstraintGenerateInDDL>true</columnDependencyConstraintGenerateInDDL>
</FKIndexAssociation>