<?xml version = '1.0' encoding = 'UTF-8'?>
<FKIndexAssociation class="oracle.dbtools.crest.model.design.relational.FKIndexAssociation" directorySegmentName="seg_0" id="E48D8D20-ABA2-B1C6-12AC-FD91B958E300" containerWithKeyObject="B816E820-0708-87CF-FA88-0CA381B17A08" localFKIndex="85A9884F-8A14-1FDC-0F52-712978A378CF" name="parts_valuation">
<createdBy>raykrishardi</createdBy>
<createdTime>2015-10-23 11:24:19 UTC</createdTime>
<generatorID>0ADAB232-718B-BBC7-A33F-BA2389859FAC</generatorID>
<ownerDesignName>logical_model</ownerDesignName>
<deleteRule>NO ACTION</deleteRule>
<referredTableID>EAF62006-D9CA-CE67-EBB5-47D1FECAA096</referredTableID>
<keyObject>113BD30C-CAA3-E8F2-DE17-2D0409E55C57</keyObject>
<referredKeyID>113BD30C-CAA3-E8F2-DE17-2D0409E55C57</referredKeyID>
<mandatory>true</mandatory>
<transferable>true</transferable>
<rely>false</rely>
<columnDependencyConstraintGenerateInDDL>true</columnDependencyConstraintGenerateInDDL>
</FKIndexAssociation>