<?xml version = '1.0' encoding = 'UTF-8'?>
<FKIndexAssociation class="oracle.dbtools.crest.model.design.relational.FKIndexAssociation" directorySegmentName="seg_0" id="EC3C9439-677C-51CC-FA4E-3F0B4118B842" containerWithKeyObject="79CDEF13-F1E4-4DD6-A69E-112C97B85219" localFKIndex="4B45033B-A953-54D3-05AE-C4079DEFB4B8" name="testDrive_vehicle">
<createdBy>raykrishardi</createdBy>
<createdTime>2015-10-23 11:24:19 UTC</createdTime>
<generatorID>488D62A6-A184-1C15-40C0-77FDADBA790E</generatorID>
<ownerDesignName>logical_model</ownerDesignName>
<deleteRule>NO ACTION</deleteRule>
<referredTableID>45BEE6C4-8D1C-B8C5-0A4E-1ABAD8D46E8C</referredTableID>
<keyObject>D709294B-0DBF-A75E-42DF-C9221D4E1871</keyObject>
<referredKeyID>D709294B-0DBF-A75E-42DF-C9221D4E1871</referredKeyID>
<mandatory>true</mandatory>
<transferable>true</transferable>
<rely>false</rely>
<columnDependencyConstraintGenerateInDDL>true</columnDependencyConstraintGenerateInDDL>
</FKIndexAssociation>