<?xml version = '1.0' encoding = 'UTF-8'?>
<Table class="oracle.dbtools.crest.model.design.relational.Table" directorySegmentName="seg_0" id="28C12C8A-68DE-815E-06F5-0A5DA91F7062" name="payment">
<createdBy>raykrishardi</createdBy>
<createdTime>2015-10-23 11:24:19 UTC</createdTime>
<generatorID>00249A51-D9CB-EC74-B592-1696EE550105</generatorID>
<ownerDesignName>logical_model</ownerDesignName>
<allowColumnReorder>false</allowColumnReorder>
<existDependencyGenerateInDDl>true</existDependencyGenerateInDDl>
<parsed>true</parsed>
<columns itemClass="oracle.dbtools.crest.model.design.relational.Column">
<Column name="paymentID" id="8043E923-9B4B-B674-1C80-B8080B1F8724">
<createdBy>raykrishardi</createdBy>
<createdTime>2015-10-23 11:24:19 UTC</createdTime>
<generatorID>561A5CE7-A9F5-D0D7-19E2-3FA376B7CC5F</generatorID>
<ownerDesignName>logical_model</ownerDesignName>
<useDomainConstraints>false</useDomainConstraints>
<use>1</use>
<logicalDatatype>LOGDT025</logicalDatatype>
<dataTypeSize>9</dataTypeSize>
<ownDataTypeParameters>9,,</ownDataTypeParameters>
<autoIncrementCycle>false</autoIncrementCycle>
</Column>
<Column name="salesNumber" id="22E55A50-5268-FC70-F276-97CD0FA876F9">
<createdBy>raykrishardi</createdBy>
<createdTime>2015-10-23 11:24:19 UTC</createdTime>
<generatorID>00290D0F-F4C2-57FF-40C6-943A108CA0E2</generatorID>
<ownerDesignName>logical_model</ownerDesignName>
<useDomainConstraints>false</useDomainConstraints>
<use>1</use>
<logicalDatatype>LOGDT019</logicalDatatype>
<dataTypePrecision>8</dataTypePrecision>
<ownDataTypeParameters>,8,</ownDataTypeParameters>
<previousColumn>false</previousColumn>
<autoIncrementCycle>false</autoIncrementCycle>
<associations>
<colAssociation fkAssociation="A0122B43-D345-7633-7015-E9100EBEA8BF" referredColumn="4A4BB6B5-6C10-1D5B-4FF1-F0E5D93A0CCD"/>
</associations>
</Column>
<Column name="paymentDate" id="3A34470C-5E73-B02C-317B-559D5B977F9D">
<createdBy>raykrishardi</createdBy>
<createdTime>2015-10-23 11:24:19 UTC</createdTime>
<generatorID>C66C3B93-7FC2-6C4E-B626-2A6A27322C45</generatorID>
<ownerDesignName>logical_model</ownerDesignName>
<useDomainConstraints>false</useDomainConstraints>
<use>1</use>
<logicalDatatype>LOGDT007</logicalDatatype>
<ownDataTypeParameters>,,</ownDataTypeParameters>
<autoIncrementCycle>false</autoIncrementCycle>
</Column>
<Column name="paymentTime" id="BD87E82B-8F28-93E3-7C9F-22FDAE50A35C">
<createdBy>raykrishardi</createdBy>
<createdTime>2015-10-23 11:24:19 UTC</createdTime>
<generatorID>60B33FF4-458F-ED41-6337-98C84C51FD9C</generatorID>
<ownerDesignName>logical_model</ownerDesignName>
<useDomainConstraints>false</useDomainConstraints>
<use>1</use>
<logicalDatatype>LOGDT014</logicalDatatype>
<ownDataTypeParameters>,,</ownDataTypeParameters>
<autoIncrementCycle>false</autoIncrementCycle>
</Column>
<Column name="paymentAmount" id="70D066CF-0C68-70DA-8054-0C630AD7615A">
<createdBy>raykrishardi</createdBy>
<createdTime>2015-10-23 11:24:19 UTC</createdTime>
<generatorID>6DD29AF9-A46D-BBFA-D175-3CB7A2D7FE6E</generatorID>
<ownerDesignName>logical_model</ownerDesignName>
<useDomainConstraints>false</useDomainConstraints>
<use>1</use>
<logicalDatatype>LOGDT019</logicalDatatype>
<dataTypePrecision>10</dataTypePrecision>
<ownDataTypeParameters>,10,</ownDataTypeParameters>
<autoIncrementCycle>false</autoIncrementCycle>
</Column>
<Column name="paymentType" id="D469AC06-312A-392E-B236-84D4048C1B08">
<createdBy>raykrishardi</createdBy>
<createdTime>2015-10-23 11:24:19 UTC</createdTime>
<generatorID>E481DDA8-9B26-D5FC-A6CD-49FECE9517AE</generatorID>
<ownerDesignName>logical_model</ownerDesignName>
<useDomainConstraints>false</useDomainConstraints>
<use>1</use>
<logicalDatatype>LOGDT024</logicalDatatype>
<dataTypeSize>10</dataTypeSize>
<ownDataTypeParameters>10,,</ownDataTypeParameters>
<autoIncrementCycle>false</autoIncrementCycle>
</Column>
</columns>
<indexes itemClass="oracle.dbtools.crest.model.design.relational.Index">
<ind_PK_UK id="F043091D-B5A7-1AFC-4710-B4244A33B768" name="payment_PK">
<createdBy>raykrishardi</createdBy>
<createdTime>2015-10-23 11:24:19 UTC</createdTime>
<generatorID>4E40B73C-8F2A-AE23-8728-DC54F2FDA31E</generatorID>
<ownerDesignName>logical_model</ownerDesignName>
<pk>true</pk>
<indexState>Primary Constraint</indexState>
<isSurrogateKey>false</isSurrogateKey>
<indexColumnUsage>
<colUsage columnID="8043E923-9B4B-B674-1C80-B8080B1F8724"/>
</indexColumnUsage>
</ind_PK_UK>
<ind_PK_UK id="8A99B53B-551B-85CD-6276-DFAB79956AC8" name="payment__IDX">
<createdBy>raykrishardi</createdBy>
<createdTime>2015-10-23 11:24:19 UTC</createdTime>
<ownerDesignName>logical_model</ownerDesignName>
<indexState>Unique Plain Index</indexState>
<isSurrogateKey>false</isSurrogateKey>
<relationGeneratorID>BD69A382-8A82-8CA0-78FC-83746EBA9C21</relationGeneratorID>
<indexColumnUsage>
<colUsage columnID="22E55A50-5268-FC70-F276-97CD0FA876F9"/>
</indexColumnUsage>
</ind_PK_UK>
<ind_PK_UK id="AA292F8D-68F3-9724-D614-0D4FF7C2848B" name="sales_paymentv1">
<createdBy>raykrishardi</createdBy>
<createdTime>2015-10-23 11:24:19 UTC</createdTime>
<generatorID>BD69A382-8A82-8CA0-78FC-83746EBA9C21</generatorID>
<ownerDesignName>logical_model</ownerDesignName>
<indexState>Foreign Key</indexState>
<isSurrogateKey>false</isSurrogateKey>
<indexColumnUsage>
<colUsage columnID="22E55A50-5268-FC70-F276-97CD0FA876F9"/>
</indexColumnUsage>
</ind_PK_UK>
</indexes>
</Table>