<?xml version = '1.0' encoding = 'UTF-8'?>
<Table class="oracle.dbtools.crest.model.design.relational.Table" directorySegmentName="seg_0" id="3890A821-F797-E810-27C8-D69F0B0F6940" name="employee">
<createdBy>raykrishardi</createdBy>
<createdTime>2015-10-23 11:24:19 UTC</createdTime>
<generatorID>0C7453D9-F4D1-B79E-2E41-3FF60A00A7E3</generatorID>
<ownerDesignName>logical_model</ownerDesignName>
<allowColumnReorder>false</allowColumnReorder>
<existDependencyGenerateInDDl>true</existDependencyGenerateInDDl>
<parsed>true</parsed>
<columns itemClass="oracle.dbtools.crest.model.design.relational.Column">
<Column name="employeeID" id="730C83DE-A0B2-B0E2-1B28-B4C718E8C6A8">
<createdBy>raykrishardi</createdBy>
<createdTime>2015-10-23 11:24:19 UTC</createdTime>
<generatorID>734DA9C9-3A79-F568-AF32-42BBBAAAE4A5</generatorID>
<ownerDesignName>logical_model</ownerDesignName>
<useDomainConstraints>false</useDomainConstraints>
<use>1</use>
<logicalDatatype>LOGDT025</logicalDatatype>
<dataTypeSize>6</dataTypeSize>
<ownDataTypeParameters>6,,</ownDataTypeParameters>
<autoIncrementCycle>false</autoIncrementCycle>
</Column>
<Column name="departmentID" id="004878C4-FD7B-F23C-CBF8-028184619EBE">
<createdBy>raykrishardi</createdBy>
<createdTime>2015-10-23 11:24:19 UTC</createdTime>
<generatorID>54A7455A-EC95-F7DB-A3CB-933D628FB8A7</generatorID>
<ownerDesignName>logical_model</ownerDesignName>
<useDomainConstraints>false</useDomainConstraints>
<use>1</use>
<logicalDatatype>LOGDT019</logicalDatatype>
<dataTypePrecision>8</dataTypePrecision>
<ownDataTypeParameters>,8,</ownDataTypeParameters>
<previousColumn>false</previousColumn>
<autoIncrementCycle>false</autoIncrementCycle>
<associations>
<colAssociation fkAssociation="043D3496-F86A-DCD3-6AA3-BF45A590777E" referredColumn="3BDA1090-7885-89F9-9B47-B8B5FB33433B"/>
</associations>
</Column>
<Column name="branchID" id="7AF21A17-EA2D-6D21-3E48-CDC45AB55570">
<createdBy>raykrishardi</createdBy>
<createdTime>2015-10-23 11:24:19 UTC</createdTime>
<generatorID>BDF344A5-796E-6AFD-80CA-BD82364C2564</generatorID>
<ownerDesignName>logical_model</ownerDesignName>
<useDomainConstraints>false</useDomainConstraints>
<use>1</use>
<logicalDatatype>LOGDT019</logicalDatatype>
<dataTypePrecision>8</dataTypePrecision>
<ownDataTypeParameters>,8,</ownDataTypeParameters>
<previousColumn>false</previousColumn>
<autoIncrementCycle>false</autoIncrementCycle>
<associations>
<colAssociation fkAssociation="158C5986-680A-79B5-658A-4A68F52042EA" referredColumn="1BD5B7AA-82BF-31B0-D0EC-982351D7AEED"/>
</associations>
</Column>
<Column name="employeeFirstName" id="3950E4C8-8063-02CF-32A0-88BBC215967F">
<createdBy>raykrishardi</createdBy>
<createdTime>2015-10-23 11:24:19 UTC</createdTime>
<generatorID>810362EE-2E8F-AEB8-B537-C6C4EBA78932</generatorID>
<ownerDesignName>logical_model</ownerDesignName>
<useDomainConstraints>false</useDomainConstraints>
<use>1</use>
<logicalDatatype>LOGDT024</logicalDatatype>
<dataTypeSize>20</dataTypeSize>
<ownDataTypeParameters>20,,</ownDataTypeParameters>
<autoIncrementCycle>false</autoIncrementCycle>
</Column>
<Column name="employeeLastName" id="7E5B4CAE-81A0-D806-5F58-962AD291EC5B">
<createdBy>raykrishardi</createdBy>
<createdTime>2015-10-23 11:24:19 UTC</createdTime>
<generatorID>A42F4B72-299A-5E05-19FB-117916E9F42B</generatorID>
<ownerDesignName>logical_model</ownerDesignName>
<useDomainConstraints>false</useDomainConstraints>
<use>1</use>
<logicalDatatype>LOGDT024</logicalDatatype>
<dataTypeSize>20</dataTypeSize>
<ownDataTypeParameters>20,,</ownDataTypeParameters>
<autoIncrementCycle>false</autoIncrementCycle>
</Column>
<Column name="employeePosition" id="656180BD-9B1B-FCC0-9C03-384E5BAEFDE9">
<createdBy>raykrishardi</createdBy>
<createdTime>2015-10-23 11:24:19 UTC</createdTime>
<generatorID>D4FA8C74-BD3B-8405-02DB-ACF772BD18E3</generatorID>
<ownerDesignName>logical_model</ownerDesignName>
<useDomainConstraints>false</useDomainConstraints>
<use>1</use>
<logicalDatatype>LOGDT024</logicalDatatype>
<dataTypeSize>20</dataTypeSize>
<ownDataTypeParameters>20,,</ownDataTypeParameters>
<autoIncrementCycle>false</autoIncrementCycle>
</Column>
<Column name="employeeSalary" id="3FB0E9A8-A377-75EC-FF53-58320C8A8766">
<createdBy>raykrishardi</createdBy>
<createdTime>2015-10-23 11:24:19 UTC</createdTime>
<generatorID>461CFFBC-8361-CF47-F9CF-383B93863104</generatorID>
<ownerDesignName>logical_model</ownerDesignName>
<useDomainConstraints>false</useDomainConstraints>
<use>1</use>
<logicalDatatype>LOGDT019</logicalDatatype>
<dataTypePrecision>10</dataTypePrecision>
<ownDataTypeParameters>,10,</ownDataTypeParameters>
<autoIncrementCycle>false</autoIncrementCycle>
</Column>
<Column name="employeeAddress" id="472876FA-2145-6DE0-656A-3B3A8AC5B0C3">
<createdBy>raykrishardi</createdBy>
<createdTime>2015-10-23 11:24:19 UTC</createdTime>
<generatorID>D6C2E22E-D5E0-0DBC-5D27-626C60F98409</generatorID>
<ownerDesignName>logical_model</ownerDesignName>
<useDomainConstraints>false</useDomainConstraints>
<use>1</use>
<logicalDatatype>LOGDT024</logicalDatatype>
<dataTypeSize>50</dataTypeSize>
<ownDataTypeParameters>50,,</ownDataTypeParameters>
<autoIncrementCycle>false</autoIncrementCycle>
</Column>
<Column name="employeeMobileNumber" id="4D99DBC0-8CD1-B478-51CE-3E48183BDE32">
<createdBy>raykrishardi</createdBy>
<createdTime>2015-10-23 11:24:19 UTC</createdTime>
<generatorID>FA178489-7C0D-5CC5-0B77-9192AEA28F50</generatorID>
<ownerDesignName>logical_model</ownerDesignName>
<useDomainConstraints>false</useDomainConstraints>
<use>1</use>
<logicalDatatype>LOGDT019</logicalDatatype>
<dataTypePrecision>10</dataTypePrecision>
<ownDataTypeParameters>,10,</ownDataTypeParameters>
<autoIncrementCycle>false</autoIncrementCycle>
</Column>
<Column name="workLoad" id="600AE39F-7279-B635-FEEF-CDF32A86D809">
<createdBy>raykrishardi</createdBy>
<createdTime>2015-10-23 11:24:19 UTC</createdTime>
<generatorID>4B427532-79F5-E8AB-F16B-A281F3030237</generatorID>
<ownerDesignName>logical_model</ownerDesignName>
<useDomainConstraints>false</useDomainConstraints>
<use>1</use>
<logicalDatatype>LOGDT025</logicalDatatype>
<dataTypeSize>10</dataTypeSize>
<ownDataTypeParameters>10,,</ownDataTypeParameters>
<autoIncrementCycle>false</autoIncrementCycle>
</Column>
</columns>
<indexes itemClass="oracle.dbtools.crest.model.design.relational.Index">
<ind_PK_UK id="81501BD7-39CE-611D-1B98-1A56C28599E3" name="employee_PK">
<createdBy>raykrishardi</createdBy>
<createdTime>2015-10-23 11:24:19 UTC</createdTime>
<generatorID>0DD19072-DA3B-94E0-F874-2F2F56624DE5</generatorID>
<ownerDesignName>logical_model</ownerDesignName>
<pk>true</pk>
<indexState>Primary Constraint</indexState>
<isSurrogateKey>false</isSurrogateKey>
<indexColumnUsage>
<colUsage columnID="730C83DE-A0B2-B0E2-1B28-B4C718E8C6A8"/>
</indexColumnUsage>
</ind_PK_UK>
<ind_PK_UK id="344004C1-BE85-F8DF-03D7-FE07ABC24359" name="employee__IDX">
<createdBy>raykrishardi</createdBy>
<createdTime>2015-10-23 11:24:19 UTC</createdTime>
<ownerDesignName>logical_model</ownerDesignName>
<indexState>Unique Plain Index</indexState>
<isSurrogateKey>false</isSurrogateKey>
<relationGeneratorID>FE239D27-70D6-9B80-8450-1F5CDDDE4DB2</relationGeneratorID>
<indexColumnUsage>
<colUsage columnID="7AF21A17-EA2D-6D21-3E48-CDC45AB55570"/>
</indexColumnUsage>
</ind_PK_UK>
<ind_PK_UK id="CF85A77C-EAA6-BD19-8D98-17DE32FE9617" name="employee_department">
<createdBy>raykrishardi</createdBy>
<createdTime>2015-10-23 11:24:19 UTC</createdTime>
<generatorID>209A35AA-C84E-35AB-E6A0-1CF95E4A2F0B</generatorID>
<ownerDesignName>logical_model</ownerDesignName>
<indexState>Foreign Key</indexState>
<isSurrogateKey>false</isSurrogateKey>
<indexColumnUsage>
<colUsage columnID="004878C4-FD7B-F23C-CBF8-028184619EBE"/>
</indexColumnUsage>
</ind_PK_UK>
<ind_PK_UK id="19CED6BE-513C-D617-F6CD-F918F515F58D" name="employee_manager_branchv1">
<createdBy>raykrishardi</createdBy>
<createdTime>2015-10-23 11:24:19 UTC</createdTime>
<generatorID>FE239D27-70D6-9B80-8450-1F5CDDDE4DB2</generatorID>
<ownerDesignName>logical_model</ownerDesignName>
<indexState>Foreign Key</indexState>
<isSurrogateKey>false</isSurrogateKey>
<indexColumnUsage>
<colUsage columnID="7AF21A17-EA2D-6D21-3E48-CDC45AB55570"/>
</indexColumnUsage>
</ind_PK_UK>
</indexes>
</Table>