<?xml version = '1.0' encoding = 'UTF-8'?>
<Table class="oracle.dbtools.crest.model.design.relational.Table" directorySegmentName="seg_0" id="414B66EE-6931-07E2-D874-847351509C08" name="valuation">
<createdBy>raykrishardi</createdBy>
<createdTime>2015-10-23 11:24:19 UTC</createdTime>
<generatorID>23CA19EF-D656-155D-81F1-D9A8E5B71E02</generatorID>
<ownerDesignName>logical_model</ownerDesignName>
<allowColumnReorder>false</allowColumnReorder>
<existDependencyGenerateInDDl>true</existDependencyGenerateInDDl>
<parsed>true</parsed>
<columns itemClass="oracle.dbtools.crest.model.design.relational.Column">
<Column name="valuationID" id="C434DE31-A5B8-2E98-68A5-4B98402FF91E">
<createdBy>raykrishardi</createdBy>
<createdTime>2015-10-23 11:24:19 UTC</createdTime>
<generatorID>EC86801C-5DAF-EB9D-909B-5FC5AC50A736</generatorID>
<ownerDesignName>logical_model</ownerDesignName>
<useDomainConstraints>false</useDomainConstraints>
<use>1</use>
<logicalDatatype>LOGDT019</logicalDatatype>
<dataTypePrecision>8</dataTypePrecision>
<ownDataTypeParameters>,8,</ownDataTypeParameters>
<autoIncrementCycle>false</autoIncrementCycle>
</Column>
<Column name="employeeID" id="1B8E0AA2-CEDE-D75B-A5EE-6A3DD6AC3526">
<createdBy>raykrishardi</createdBy>
<createdTime>2015-10-23 11:24:19 UTC</createdTime>
<generatorID>1E7D5DF2-053B-9DF7-2B1C-67F2C0C502F7</generatorID>
<ownerDesignName>logical_model</ownerDesignName>
<useDomainConstraints>false</useDomainConstraints>
<use>1</use>
<logicalDatatype>LOGDT025</logicalDatatype>
<dataTypeSize>6</dataTypeSize>
<ownDataTypeParameters>6,,</ownDataTypeParameters>
<previousColumn>false</previousColumn>
<autoIncrementCycle>false</autoIncrementCycle>
<associations>
<colAssociation fkAssociation="A41CBE42-9C68-7292-98FF-884219E64126" referredColumn="730C83DE-A0B2-B0E2-1B28-B4C718E8C6A8"/>
</associations>
</Column>
<Column name="secondhand_vehicleID" id="D3ACA33D-1B24-216E-EC51-F097C0F3FBC4">
<createdBy>raykrishardi</createdBy>
<createdTime>2015-10-23 11:24:19 UTC</createdTime>
<generatorID>24002E39-4264-537E-B2B5-78D979182803</generatorID>
<ownerDesignName>logical_model</ownerDesignName>
<useDomainConstraints>false</useDomainConstraints>
<use>1</use>
<logicalDatatype>LOGDT019</logicalDatatype>
<dataTypePrecision>8</dataTypePrecision>
<ownDataTypeParameters>,8,</ownDataTypeParameters>
<previousColumn>false</previousColumn>
<autoIncrementCycle>false</autoIncrementCycle>
<associations>
<colAssociation fkAssociation="C22D75D6-95B8-BE1D-FA5B-3916FB417EAC" referredColumn="350EE89B-7BAB-E08C-CF11-FC231491E4C2"/>
</associations>
</Column>
<Column name="costForSalability" id="15D49809-2123-9189-3373-ACA8E6DF5E51">
<createdBy>raykrishardi</createdBy>
<createdTime>2015-10-23 11:24:19 UTC</createdTime>
<generatorID>13EAABDB-20BF-EEFD-2E8F-7591D5BF49DE</generatorID>
<ownerDesignName>logical_model</ownerDesignName>
<useDomainConstraints>false</useDomainConstraints>
<use>1</use>
<logicalDatatype>LOGDT019</logicalDatatype>
<dataTypePrecision>10</dataTypePrecision>
<ownDataTypeParameters>,10,</ownDataTypeParameters>
<autoIncrementCycle>false</autoIncrementCycle>
</Column>
<Column name="registrationExpiryDate" id="F53CF589-7CAC-EE8D-56A9-0A6429DD8203">
<createdBy>raykrishardi</createdBy>
<createdTime>2015-10-23 11:24:19 UTC</createdTime>
<generatorID>970C2173-4E74-ACDE-CAE1-8BEC6A16F012</generatorID>
<ownerDesignName>logical_model</ownerDesignName>
<useDomainConstraints>false</useDomainConstraints>
<use>1</use>
<logicalDatatype>LOGDT007</logicalDatatype>
<ownDataTypeParameters>,,</ownDataTypeParameters>
<autoIncrementCycle>false</autoIncrementCycle>
</Column>
<Column name="profitAmount" id="63516AB6-B3ED-41A7-3C6B-E5499BB6ADF8">
<createdBy>raykrishardi</createdBy>
<createdTime>2015-10-23 11:24:19 UTC</createdTime>
<generatorID>EF9D6867-1D9D-EB76-22E8-CF1C8CC55BF1</generatorID>
<ownerDesignName>logical_model</ownerDesignName>
<useDomainConstraints>false</useDomainConstraints>
<use>1</use>
<logicalDatatype>LOGDT019</logicalDatatype>
<dataTypePrecision>10</dataTypePrecision>
<ownDataTypeParameters>,10,</ownDataTypeParameters>
<autoIncrementCycle>false</autoIncrementCycle>
</Column>
</columns>
<indexes itemClass="oracle.dbtools.crest.model.design.relational.Index">
<ind_PK_UK id="8AC6FC3C-3C07-56D8-0F64-414D29C44BFE" name="valuation_PK">
<createdBy>raykrishardi</createdBy>
<createdTime>2015-10-23 11:24:19 UTC</createdTime>
<generatorID>98B7E9D5-3990-4185-8BAE-A33D356EF917</generatorID>
<ownerDesignName>logical_model</ownerDesignName>
<pk>true</pk>
<indexState>Primary Constraint</indexState>
<isSurrogateKey>false</isSurrogateKey>
<indexColumnUsage>
<colUsage columnID="C434DE31-A5B8-2E98-68A5-4B98402FF91E"/>
</indexColumnUsage>
</ind_PK_UK>
<ind_PK_UK id="901BDF48-F26E-23E4-F973-C8E8DF903E2B" name="employee_valuation(mechanic)">
<createdBy>raykrishardi</createdBy>
<createdTime>2015-10-23 11:24:19 UTC</createdTime>
<generatorID>BA09B46E-18E6-7D64-2748-683C23BB446F</generatorID>
<ownerDesignName>logical_model</ownerDesignName>
<indexState>Foreign Key</indexState>
<isSurrogateKey>false</isSurrogateKey>
<indexColumnUsage>
<colUsage columnID="1B8E0AA2-CEDE-D75B-A5EE-6A3DD6AC3526"/>
</indexColumnUsage>
</ind_PK_UK>
<ind_PK_UK id="5174C9E2-7AD9-1A2E-39A7-085CA857942B" name="valuation_secondhandvehicle">
<createdBy>raykrishardi</createdBy>
<createdTime>2015-10-23 11:24:19 UTC</createdTime>
<generatorID>3FC11F6A-1A35-9154-6E39-A5347F70270D</generatorID>
<ownerDesignName>logical_model</ownerDesignName>
<indexState>Foreign Key</indexState>
<isSurrogateKey>false</isSurrogateKey>
<indexColumnUsage>
<colUsage columnID="D3ACA33D-1B24-216E-EC51-F097C0F3FBC4"/>
</indexColumnUsage>
</ind_PK_UK>
</indexes>
</Table>