<?xml version = '1.0' encoding = 'UTF-8'?>
<Table class="oracle.dbtools.crest.model.design.relational.Table" directorySegmentName="seg_0" id="45BEE6C4-8D1C-B8C5-0A4E-1ABAD8D46E8C" name="vehicle">
<createdBy>raykrishardi</createdBy>
<createdTime>2015-10-23 11:24:19 UTC</createdTime>
<generatorID>A1C82F77-213B-909F-0EB8-E203E6E6ACF9</generatorID>
<ownerDesignName>logical_model</ownerDesignName>
<allowColumnReorder>false</allowColumnReorder>
<existDependencyGenerateInDDl>true</existDependencyGenerateInDDl>
<parsed>true</parsed>
<columns itemClass="oracle.dbtools.crest.model.design.relational.Column">
<Column name="regNumber" id="86B137D8-1DAB-91A7-B727-564A677B47A1">
<createdBy>raykrishardi</createdBy>
<createdTime>2015-10-23 11:24:19 UTC</createdTime>
<generatorID>CBC408E9-4101-CCEA-A615-638F47CE488F</generatorID>
<ownerDesignName>logical_model</ownerDesignName>
<useDomainConstraints>false</useDomainConstraints>
<use>1</use>
<logicalDatatype>LOGDT025</logicalDatatype>
<dataTypeSize>6</dataTypeSize>
<ownDataTypeParameters>6,,</ownDataTypeParameters>
<autoIncrementCycle>false</autoIncrementCycle>
</Column>
<Column name="branchID" id="38788975-F9BC-117A-B82C-3B396B945D61">
<createdBy>raykrishardi</createdBy>
<createdTime>2015-10-23 11:24:19 UTC</createdTime>
<generatorID>3AB7AC69-9A4D-F949-2480-A8F896482C54</generatorID>
<ownerDesignName>logical_model</ownerDesignName>
<useDomainConstraints>false</useDomainConstraints>
<use>1</use>
<logicalDatatype>LOGDT019</logicalDatatype>
<dataTypePrecision>8</dataTypePrecision>
<ownDataTypeParameters>,8,</ownDataTypeParameters>
<previousColumn>false</previousColumn>
<autoIncrementCycle>false</autoIncrementCycle>
<associations>
<colAssociation fkAssociation="41390246-BB16-27FB-B204-F1A17364E9DA" referredColumn="1BD5B7AA-82BF-31B0-D0EC-982351D7AEED"/>
</associations>
</Column>
<Column name="VIN" id="4BA7A582-4DE6-B208-F6F8-575B82B0CF6B">
<createdBy>raykrishardi</createdBy>
<createdTime>2015-10-23 11:24:19 UTC</createdTime>
<generatorID>86892DF5-BFC7-0A6E-C3D8-FF0B7263C3C9</generatorID>
<ownerDesignName>logical_model</ownerDesignName>
<useDomainConstraints>false</useDomainConstraints>
<use>1</use>
<logicalDatatype>LOGDT025</logicalDatatype>
<dataTypeSize>10</dataTypeSize>
<ownDataTypeParameters>10,,</ownDataTypeParameters>
<autoIncrementCycle>false</autoIncrementCycle>
</Column>
<Column name="odometerNumber" id="A7C4EE9E-7418-DF59-C3A0-797C8DDED773">
<createdBy>raykrishardi</createdBy>
<createdTime>2015-10-23 11:24:19 UTC</createdTime>
<generatorID>0D44A042-829D-F269-601C-840F00B57F52</generatorID>
<ownerDesignName>logical_model</ownerDesignName>
<useDomainConstraints>false</useDomainConstraints>
<use>1</use>
<logicalDatatype>LOGDT024</logicalDatatype>
<dataTypeSize>6</dataTypeSize>
<ownDataTypeParameters>6,,</ownDataTypeParameters>
<autoIncrementCycle>false</autoIncrementCycle>
</Column>
<Column name="modelID" id="BE67387A-7F38-3B7D-406F-5BFD71067ED4">
<createdBy>raykrishardi</createdBy>
<createdTime>2015-10-23 11:24:19 UTC</createdTime>
<generatorID>D6D547B3-6CBB-D334-E3AD-6DE58A8B2900</generatorID>
<ownerDesignName>logical_model</ownerDesignName>
<useDomainConstraints>false</useDomainConstraints>
<use>1</use>
<logicalDatatype>LOGDT019</logicalDatatype>
<dataTypePrecision>8</dataTypePrecision>
<ownDataTypeParameters>,8,</ownDataTypeParameters>
<previousColumn>false</previousColumn>
<autoIncrementCycle>false</autoIncrementCycle>
<associations>
<colAssociation fkAssociation="51A4DE86-FAD6-C250-A862-352D311071F6" referredColumn="C503B2E1-3165-3F67-386F-5DAA4B92DB4B"/>
</associations>
</Column>
<Column name="purchasePrice" id="9B58EA26-ACDF-969E-3BAD-279F97D021FB">
<createdBy>raykrishardi</createdBy>
<createdTime>2015-10-23 11:24:19 UTC</createdTime>
<generatorID>13800B49-5391-F4FE-12C7-836CC36E24F8</generatorID>
<ownerDesignName>logical_model</ownerDesignName>
<useDomainConstraints>false</useDomainConstraints>
<use>1</use>
<logicalDatatype>LOGDT019</logicalDatatype>
<dataTypePrecision>10</dataTypePrecision>
<ownDataTypeParameters>,10,</ownDataTypeParameters>
<autoIncrementCycle>false</autoIncrementCycle>
</Column>
<Column name="recommendedPrice" id="7987D509-CEAC-7565-98C4-5A70D16A73F9">
<createdBy>raykrishardi</createdBy>
<createdTime>2015-10-23 11:24:19 UTC</createdTime>
<generatorID>6ACE1B66-AFE5-78B9-D2BE-675C28BE6C44</generatorID>
<ownerDesignName>logical_model</ownerDesignName>
<useDomainConstraints>false</useDomainConstraints>
<use>1</use>
<logicalDatatype>LOGDT019</logicalDatatype>
<dataTypePrecision>10</dataTypePrecision>
<ownDataTypeParameters>,10,</ownDataTypeParameters>
<autoIncrementCycle>false</autoIncrementCycle>
</Column>
<Column name="minimumPrice" id="12FBB438-48B2-81D8-D274-8AEB86879308">
<createdBy>raykrishardi</createdBy>
<createdTime>2015-10-23 11:24:19 UTC</createdTime>
<generatorID>1AACD332-21ED-AEA6-E7F0-CB7FA06AAD70</generatorID>
<ownerDesignName>logical_model</ownerDesignName>
<useDomainConstraints>false</useDomainConstraints>
<use>1</use>
<logicalDatatype>LOGDT019</logicalDatatype>
<dataTypePrecision>10</dataTypePrecision>
<ownDataTypeParameters>,10,</ownDataTypeParameters>
<autoIncrementCycle>false</autoIncrementCycle>
</Column>
<Column name="yearOfManufacture" id="4F10819D-72B0-E0D4-7068-3F7F78058C44">
<createdBy>raykrishardi</createdBy>
<createdTime>2015-10-23 11:24:19 UTC</createdTime>
<generatorID>B4E99D29-5FB6-1DD6-A453-8B103A56D106</generatorID>
<ownerDesignName>logical_model</ownerDesignName>
<useDomainConstraints>false</useDomainConstraints>
<use>1</use>
<logicalDatatype>LOGDT007</logicalDatatype>
<ownDataTypeParameters>,,</ownDataTypeParameters>
<autoIncrementCycle>false</autoIncrementCycle>
</Column>
<Column name="numberOfPreviousOwners" id="BEE356FB-9594-DFB1-6537-D50971B7974D">
<createdBy>raykrishardi</createdBy>
<createdTime>2015-10-23 11:24:19 UTC</createdTime>
<generatorID>DACC30BA-E9D7-552E-E0FA-CA204711AF3C</generatorID>
<ownerDesignName>logical_model</ownerDesignName>
<useDomainConstraints>false</useDomainConstraints>
<use>1</use>
<logicalDatatype>LOGDT019</logicalDatatype>
<dataTypePrecision>3</dataTypePrecision>
<ownDataTypeParameters>,3,</ownDataTypeParameters>
<autoIncrementCycle>false</autoIncrementCycle>
</Column>
</columns>
<indexes itemClass="oracle.dbtools.crest.model.design.relational.Index">
<ind_PK_UK id="D709294B-0DBF-A75E-42DF-C9221D4E1871" name="vehicle_PK">
<createdBy>raykrishardi</createdBy>
<createdTime>2015-10-23 11:24:19 UTC</createdTime>
<generatorID>5D196C47-836B-EEC4-D00D-E40082387C8A</generatorID>
<ownerDesignName>logical_model</ownerDesignName>
<pk>true</pk>
<indexState>Primary Constraint</indexState>
<isSurrogateKey>false</isSurrogateKey>
<indexColumnUsage>
<colUsage columnID="86B137D8-1DAB-91A7-B727-564A677B47A1"/>
</indexColumnUsage>
</ind_PK_UK>
<ind_PK_UK id="155C642C-625C-2B3D-C2B2-C42163168598" name="model_vehicle">
<createdBy>raykrishardi</createdBy>
<createdTime>2015-10-23 11:24:19 UTC</createdTime>
<generatorID>10A864CC-418E-66EA-F169-C54CCB086061</generatorID>
<ownerDesignName>logical_model</ownerDesignName>
<indexState>Foreign Key</indexState>
<isSurrogateKey>false</isSurrogateKey>
<indexColumnUsage>
<colUsage columnID="BE67387A-7F38-3B7D-406F-5BFD71067ED4"/>
</indexColumnUsage>
</ind_PK_UK>
<ind_PK_UK id="9E0663D5-D050-05C6-94C7-717793C77A43" name="vehicle_branch">
<createdBy>raykrishardi</createdBy>
<createdTime>2015-10-23 11:24:19 UTC</createdTime>
<generatorID>5744FA53-0D8F-8952-5E44-718B44A36B5D</generatorID>
<ownerDesignName>logical_model</ownerDesignName>
<indexState>Foreign Key</indexState>
<isSurrogateKey>false</isSurrogateKey>
<indexColumnUsage>
<colUsage columnID="38788975-F9BC-117A-B82C-3B396B945D61"/>
</indexColumnUsage>
</ind_PK_UK>
</indexes>
</Table>