<?xml version = '1.0' encoding = 'UTF-8'?>
<Table class="oracle.dbtools.crest.model.design.relational.Table" directorySegmentName="seg_0" id="65B79BE9-FF08-C422-7B5C-049A3D37F1FF" name="sales_vehicle">
<createdBy>raykrishardi</createdBy>
<createdTime>2015-10-23 11:24:19 UTC</createdTime>
<generatorID>5DB47D00-4BEB-6C55-776C-A90BA114B338</generatorID>
<ownerDesignName>logical_model</ownerDesignName>
<allowColumnReorder>false</allowColumnReorder>
<existDependencyGenerateInDDl>true</existDependencyGenerateInDDl>
<parsed>true</parsed>
<columns itemClass="oracle.dbtools.crest.model.design.relational.Column">
<Column name="salesNumber" id="ECBACD71-0EBF-D1FC-08F0-688AB56A8762">
<createdBy>raykrishardi</createdBy>
<createdTime>2015-10-23 11:24:19 UTC</createdTime>
<generatorID>B180747A-5D86-E08E-F463-D42A12AA6734</generatorID>
<ownerDesignName>logical_model</ownerDesignName>
<useDomainConstraints>false</useDomainConstraints>
<use>1</use>
<logicalDatatype>LOGDT019</logicalDatatype>
<dataTypePrecision>8</dataTypePrecision>
<ownDataTypeParameters>,8,</ownDataTypeParameters>
<previousColumn>false</previousColumn>
<autoIncrementCycle>false</autoIncrementCycle>
<associations>
<colAssociation fkAssociation="3968B097-BB83-B7FC-1559-FDC728D0A18C" referredColumn="E25C3A33-32B2-226D-A5D1-20857404913B"/>
</associations>
</Column>
<Column name="regNumber" id="7CAC44DB-BB02-9FB7-7696-60A4E8D60692">
<createdBy>raykrishardi</createdBy>
<createdTime>2015-10-23 11:24:19 UTC</createdTime>
<generatorID>81A86F8F-50FB-087D-C5EB-ABC293E5CF9B</generatorID>
<ownerDesignName>logical_model</ownerDesignName>
<useDomainConstraints>false</useDomainConstraints>
<use>1</use>
<logicalDatatype>LOGDT025</logicalDatatype>
<dataTypeSize>6</dataTypeSize>
<ownDataTypeParameters>6,,</ownDataTypeParameters>
<previousColumn>false</previousColumn>
<autoIncrementCycle>false</autoIncrementCycle>
<associations>
<colAssociation fkAssociation="85DD27BF-411B-900D-FE15-750D8DDE91FA" referredColumn="86B137D8-1DAB-91A7-B727-564A677B47A1"/>
</associations>
</Column>
</columns>
<indexes itemClass="oracle.dbtools.crest.model.design.relational.Index">
<ind_PK_UK id="079B6706-AFE0-50F0-0830-77852FA9CCD5" name="sales_vehicle_PK">
<createdBy>raykrishardi</createdBy>
<createdTime>2015-10-23 11:24:19 UTC</createdTime>
<generatorID>C8D92951-6FF9-E21B-F891-9CBB2F735DD5</generatorID>
<ownerDesignName>logical_model</ownerDesignName>
<pk>true</pk>
<indexState>Primary Constraint</indexState>
<isSurrogateKey>false</isSurrogateKey>
<indexColumnUsage>
<colUsage columnID="ECBACD71-0EBF-D1FC-08F0-688AB56A8762"/>
<colUsage columnID="7CAC44DB-BB02-9FB7-7696-60A4E8D60692"/>
</indexColumnUsage>
</ind_PK_UK>
<ind_PK_UK id="8F7F5E8A-E8EC-6EE5-5B60-12AF70E380F5" name="sales_vehicle">
<createdBy>raykrishardi</createdBy>
<createdTime>2015-10-23 11:24:19 UTC</createdTime>
<generatorID>9B76213B-1D31-A09C-ADC4-4FB9BA6319CD</generatorID>
<ownerDesignName>logical_model</ownerDesignName>
<indexState>Foreign Key</indexState>
<isSurrogateKey>false</isSurrogateKey>
<indexColumnUsage>
<colUsage columnID="7CAC44DB-BB02-9FB7-7696-60A4E8D60692"/>
</indexColumnUsage>
</ind_PK_UK>
<ind_PK_UK id="C3FE65F1-9DC6-D862-92CE-81EC11D241AE" name="sales_vehiclev1">
<createdBy>raykrishardi</createdBy>
<createdTime>2015-10-23 11:24:19 UTC</createdTime>
<generatorID>BC631F41-FD18-56B0-8F01-9D53F6A5B05B</generatorID>
<ownerDesignName>logical_model</ownerDesignName>
<indexState>Foreign Key</indexState>
<isSurrogateKey>false</isSurrogateKey>
<indexColumnUsage>
<colUsage columnID="ECBACD71-0EBF-D1FC-08F0-688AB56A8762"/>
</indexColumnUsage>
</ind_PK_UK>
</indexes>
</Table>