<?xml version = '1.0' encoding = 'UTF-8'?>
<Table class="oracle.dbtools.crest.model.design.relational.Table" directorySegmentName="seg_0" id="70D3A08A-9C19-12B7-239E-675C57E58F48" name="employee_qualification">
<createdBy>raykrishardi</createdBy>
<createdTime>2015-10-23 11:24:19 UTC</createdTime>
<generatorID>03E9833B-B68A-2EAA-ECF8-7F3A94BF3391</generatorID>
<ownerDesignName>logical_model</ownerDesignName>
<allowColumnReorder>false</allowColumnReorder>
<existDependencyGenerateInDDl>true</existDependencyGenerateInDDl>
<parsed>true</parsed>
<columns itemClass="oracle.dbtools.crest.model.design.relational.Column">
<Column name="qualificationID" id="B7AAEDAE-A47F-F446-1403-EA80A57DA2CA">
<createdBy>raykrishardi</createdBy>
<createdTime>2015-10-23 11:24:19 UTC</createdTime>
<generatorID>201977CC-153A-049C-874D-F9C37B7C8176</generatorID>
<ownerDesignName>logical_model</ownerDesignName>
<useDomainConstraints>false</useDomainConstraints>
<use>1</use>
<logicalDatatype>LOGDT019</logicalDatatype>
<dataTypePrecision>8</dataTypePrecision>
<ownDataTypeParameters>,8,</ownDataTypeParameters>
<previousColumn>false</previousColumn>
<autoIncrementCycle>false</autoIncrementCycle>
<associations>
<colAssociation fkAssociation="7C9F35C6-420C-F834-A732-C840E1BA8C6A" referredColumn="D7BF188F-7485-23E2-991C-A27C6D975DC0"/>
</associations>
</Column>
<Column name="employeeID" id="7F2D0A36-BD38-4A36-EC5F-330824F4F1C5">
<createdBy>raykrishardi</createdBy>
<createdTime>2015-10-23 11:24:19 UTC</createdTime>
<generatorID>9A0A0D41-066B-4849-A79E-9B0D7B09EEB5</generatorID>
<ownerDesignName>logical_model</ownerDesignName>
<useDomainConstraints>false</useDomainConstraints>
<use>1</use>
<logicalDatatype>LOGDT025</logicalDatatype>
<dataTypeSize>6</dataTypeSize>
<ownDataTypeParameters>6,,</ownDataTypeParameters>
<previousColumn>false</previousColumn>
<autoIncrementCycle>false</autoIncrementCycle>
<associations>
<colAssociation fkAssociation="10699149-3AA5-41DB-C6A2-90199DE3A35A" referredColumn="730C83DE-A0B2-B0E2-1B28-B4C718E8C6A8"/>
</associations>
</Column>
</columns>
<indexes itemClass="oracle.dbtools.crest.model.design.relational.Index">
<ind_PK_UK id="65EC0AA4-2299-55CD-37CE-66AFF237D9E2" name="employee_qualification_PK">
<createdBy>raykrishardi</createdBy>
<createdTime>2015-10-23 11:24:19 UTC</createdTime>
<generatorID>BE3FA1BE-E741-D1BB-F0EC-B5D9DB11B7C6</generatorID>
<ownerDesignName>logical_model</ownerDesignName>
<pk>true</pk>
<indexState>Primary Constraint</indexState>
<isSurrogateKey>false</isSurrogateKey>
<indexColumnUsage>
<colUsage columnID="B7AAEDAE-A47F-F446-1403-EA80A57DA2CA"/>
<colUsage columnID="7F2D0A36-BD38-4A36-EC5F-330824F4F1C5"/>
</indexColumnUsage>
</ind_PK_UK>
<ind_PK_UK id="5C74EF46-BEB7-4CBE-C3CE-364F4BFD596F" name="employee_qualification">
<createdBy>raykrishardi</createdBy>
<createdTime>2015-10-23 11:24:19 UTC</createdTime>
<generatorID>92CBFB3B-5836-D702-2FFE-8A1CDB4D4D01</generatorID>
<ownerDesignName>logical_model</ownerDesignName>
<indexState>Foreign Key</indexState>
<isSurrogateKey>false</isSurrogateKey>
<indexColumnUsage>
<colUsage columnID="B7AAEDAE-A47F-F446-1403-EA80A57DA2CA"/>
</indexColumnUsage>
</ind_PK_UK>
<ind_PK_UK id="427CE743-56CA-6D35-C02B-10366F034BA1" name="employee_qualificationv1">
<createdBy>raykrishardi</createdBy>
<createdTime>2015-10-23 11:24:19 UTC</createdTime>
<generatorID>1BF40CAF-DE8A-093A-EC00-91CCD26E3C9B</generatorID>
<ownerDesignName>logical_model</ownerDesignName>
<indexState>Foreign Key</indexState>
<isSurrogateKey>false</isSurrogateKey>
<indexColumnUsage>
<colUsage columnID="7F2D0A36-BD38-4A36-EC5F-330824F4F1C5"/>
</indexColumnUsage>
</ind_PK_UK>
</indexes>
</Table>