<?xml version = '1.0' encoding = 'UTF-8'?>
<Table class="oracle.dbtools.crest.model.design.relational.Table" directorySegmentName="seg_0" id="8C315F35-2921-C6BD-F4FF-1AEDEB9895CE" name="certificate">
<createdBy>raykrishardi</createdBy>
<createdTime>2015-10-23 11:24:19 UTC</createdTime>
<generatorID>00304BC6-7887-33DE-5EAF-99A3F899CCFE</generatorID>
<ownerDesignName>logical_model</ownerDesignName>
<allowColumnReorder>false</allowColumnReorder>
<existDependencyGenerateInDDl>true</existDependencyGenerateInDDl>
<parsed>true</parsed>
<columns itemClass="oracle.dbtools.crest.model.design.relational.Column">
<Column name="certificateID" id="9BE6843B-6BD3-4EA4-A54C-074D90F1E693">
<createdBy>raykrishardi</createdBy>
<createdTime>2015-10-23 11:24:19 UTC</createdTime>
<generatorID>68C0A0A8-8179-7FFE-9F7F-0F5E099B98C5</generatorID>
<ownerDesignName>logical_model</ownerDesignName>
<useDomainConstraints>false</useDomainConstraints>
<use>1</use>
<logicalDatatype>LOGDT019</logicalDatatype>
<dataTypePrecision>8</dataTypePrecision>
<ownDataTypeParameters>,8,</ownDataTypeParameters>
<autoIncrementCycle>false</autoIncrementCycle>
</Column>
<Column name="certificateDescription" id="E888A7C6-9837-84BE-68F7-41B9DE728A68">
<createdBy>raykrishardi</createdBy>
<createdTime>2015-10-23 11:24:19 UTC</createdTime>
<generatorID>3F692239-4141-8F32-1CD8-5AD6394D77C1</generatorID>
<ownerDesignName>logical_model</ownerDesignName>
<useDomainConstraints>false</useDomainConstraints>
<use>1</use>
<logicalDatatype>LOGDT024</logicalDatatype>
<dataTypeSize>30</dataTypeSize>
<ownDataTypeParameters>30,,</ownDataTypeParameters>
<autoIncrementCycle>false</autoIncrementCycle>
</Column>
<Column name="dateAchieved" id="7E61B0BC-BD74-75C6-D2C2-A6B25805E865">
<createdBy>raykrishardi</createdBy>
<createdTime>2015-10-23 11:24:19 UTC</createdTime>
<generatorID>07F4F499-E33D-45AF-376B-A23C657BE683</generatorID>
<ownerDesignName>logical_model</ownerDesignName>
<useDomainConstraints>false</useDomainConstraints>
<use>1</use>
<logicalDatatype>LOGDT007</logicalDatatype>
<ownDataTypeParameters>,,</ownDataTypeParameters>
<autoIncrementCycle>false</autoIncrementCycle>
</Column>
</columns>
<indexes itemClass="oracle.dbtools.crest.model.design.relational.Index">
<ind_PK_UK id="4D1C8A54-EE94-A262-8865-452392CE859D" name="certificate_PK">
<createdBy>raykrishardi</createdBy>
<createdTime>2015-10-23 11:24:19 UTC</createdTime>
<generatorID>09FD9558-2E6B-572E-12AB-1B3B53153CCF</generatorID>
<ownerDesignName>logical_model</ownerDesignName>
<pk>true</pk>
<indexState>Primary Constraint</indexState>
<isSurrogateKey>false</isSurrogateKey>
<indexColumnUsage>
<colUsage columnID="9BE6843B-6BD3-4EA4-A54C-074D90F1E693"/>
</indexColumnUsage>
</ind_PK_UK>
</indexes>
</Table>