<?xml version = '1.0' encoding = 'UTF-8'?>
<Table class="oracle.dbtools.crest.model.design.relational.Table" directorySegmentName="seg_0" id="9FB39C43-4B54-D2E9-3E7F-9F89320638B3" name="sales">
<createdBy>raykrishardi</createdBy>
<createdTime>2015-10-23 11:24:19 UTC</createdTime>
<generatorID>351B550A-B03D-1209-2B78-FF603321CE2E</generatorID>
<ownerDesignName>logical_model</ownerDesignName>
<allowColumnReorder>false</allowColumnReorder>
<existDependencyGenerateInDDl>true</existDependencyGenerateInDDl>
<parsed>true</parsed>
<columns itemClass="oracle.dbtools.crest.model.design.relational.Column">
<Column name="salesNumber" id="E25C3A33-32B2-226D-A5D1-20857404913B">
<createdBy>raykrishardi</createdBy>
<createdTime>2015-10-23 11:24:19 UTC</createdTime>
<generatorID>01A73840-8DB2-27BF-9840-10A816574B21</generatorID>
<ownerDesignName>logical_model</ownerDesignName>
<useDomainConstraints>false</useDomainConstraints>
<use>1</use>
<logicalDatatype>LOGDT019</logicalDatatype>
<dataTypePrecision>8</dataTypePrecision>
<ownDataTypeParameters>,8,</ownDataTypeParameters>
<autoIncrementCycle>false</autoIncrementCycle>
</Column>
<Column name="salesDate" id="366188D7-6A77-7644-EB93-A2112B77D213">
<createdBy>raykrishardi</createdBy>
<createdTime>2015-10-23 11:24:19 UTC</createdTime>
<generatorID>9C481CDD-197A-51E4-72E5-10E8B332F0EA</generatorID>
<ownerDesignName>logical_model</ownerDesignName>
<useDomainConstraints>false</useDomainConstraints>
<use>1</use>
<logicalDatatype>LOGDT007</logicalDatatype>
<ownDataTypeParameters>,,</ownDataTypeParameters>
<autoIncrementCycle>false</autoIncrementCycle>
</Column>
<Column name="salesTime" id="F38903E2-0C5C-DDD2-BCC8-A36B3232F164">
<createdBy>raykrishardi</createdBy>
<createdTime>2015-10-23 11:24:19 UTC</createdTime>
<generatorID>D5841974-5411-48CD-9BB9-20D68050C4A4</generatorID>
<ownerDesignName>logical_model</ownerDesignName>
<useDomainConstraints>false</useDomainConstraints>
<use>1</use>
<logicalDatatype>LOGDT014</logicalDatatype>
<ownDataTypeParameters>,,</ownDataTypeParameters>
<autoIncrementCycle>false</autoIncrementCycle>
</Column>
<Column name="employeeID" id="C148CE36-E4F6-9345-E17D-5B55739A1D72">
<createdBy>raykrishardi</createdBy>
<createdTime>2015-10-23 11:24:19 UTC</createdTime>
<generatorID>200068B8-31CE-7EB9-9D2E-EE7BBFFE1790</generatorID>
<ownerDesignName>logical_model</ownerDesignName>
<useDomainConstraints>false</useDomainConstraints>
<use>1</use>
<logicalDatatype>LOGDT025</logicalDatatype>
<dataTypeSize>6</dataTypeSize>
<ownDataTypeParameters>6,,</ownDataTypeParameters>
<previousColumn>false</previousColumn>
<autoIncrementCycle>false</autoIncrementCycle>
<associations>
<colAssociation fkAssociation="645500F4-AC64-3AD1-FA97-B6EB2F08EBA9" referredColumn="730C83DE-A0B2-B0E2-1B28-B4C718E8C6A8"/>
</associations>
</Column>
<Column name="commission" id="BFF3E4DA-84B5-E08E-C65C-F49598D2E6C1">
<createdBy>raykrishardi</createdBy>
<createdTime>2015-10-23 11:24:19 UTC</createdTime>
<generatorID>FB3453FB-D2A4-FD4E-65D2-86431D8F40FF</generatorID>
<ownerDesignName>logical_model</ownerDesignName>
<nullsAllowed>true</nullsAllowed>
<useDomainConstraints>false</useDomainConstraints>
<use>1</use>
<logicalDatatype>LOGDT019</logicalDatatype>
<dataTypePrecision>6</dataTypePrecision>
<ownDataTypeParameters>,6,</ownDataTypeParameters>
<autoIncrementCycle>false</autoIncrementCycle>
</Column>
<Column name="salesAmount" id="6054B0B6-5DBE-1BE9-A3F4-D14DA4FDA771">
<createdBy>raykrishardi</createdBy>
<createdTime>2015-10-23 11:24:19 UTC</createdTime>
<generatorID>57AF83C5-4B5F-FB50-FC2C-371F00AA0F8C</generatorID>
<ownerDesignName>logical_model</ownerDesignName>
<useDomainConstraints>false</useDomainConstraints>
<use>1</use>
<logicalDatatype>LOGDT019</logicalDatatype>
<dataTypePrecision>10</dataTypePrecision>
<ownDataTypeParameters>,10,</ownDataTypeParameters>
<autoIncrementCycle>false</autoIncrementCycle>
</Column>
<Column name="amountDue" id="BD0BF9E8-23A6-27D0-C3E1-0FDB25ED22D8">
<createdBy>raykrishardi</createdBy>
<createdTime>2015-10-23 11:24:19 UTC</createdTime>
<generatorID>3ACC1833-C728-6DB8-E1EE-B64E333CA43A</generatorID>
<ownerDesignName>logical_model</ownerDesignName>
<useDomainConstraints>false</useDomainConstraints>
<use>1</use>
<logicalDatatype>LOGDT019</logicalDatatype>
<dataTypePrecision>10</dataTypePrecision>
<ownDataTypeParameters>,10,</ownDataTypeParameters>
<autoIncrementCycle>false</autoIncrementCycle>
</Column>
<Column name="customerNumber" id="F72A8160-3357-E5DB-ED00-F90974D6B8D7">
<createdBy>raykrishardi</createdBy>
<createdTime>2015-10-23 11:24:19 UTC</createdTime>
<generatorID>AB35E40A-0CDD-3DAD-60C2-D704DB739FD8</generatorID>
<ownerDesignName>logical_model</ownerDesignName>
<useDomainConstraints>false</useDomainConstraints>
<use>1</use>
<logicalDatatype>LOGDT025</logicalDatatype>
<dataTypeSize>7</dataTypeSize>
<ownDataTypeParameters>7,,</ownDataTypeParameters>
<previousColumn>false</previousColumn>
<autoIncrementCycle>false</autoIncrementCycle>
<associations>
<colAssociation fkAssociation="019F994A-DDE2-6AA7-EDA4-B73E74C687FA" referredColumn="DD8B2903-2488-1F09-5227-A335BA443901"/>
</associations>
</Column>
</columns>
<indexes itemClass="oracle.dbtools.crest.model.design.relational.Index">
<ind_PK_UK id="6DDE2977-E27F-EE0C-888C-688548C6E1DD" name="sales_PK">
<createdBy>raykrishardi</createdBy>
<createdTime>2015-10-23 11:24:19 UTC</createdTime>
<generatorID>BF7174D8-24CC-2CC2-B01C-06C3CCFE911F</generatorID>
<ownerDesignName>logical_model</ownerDesignName>
<pk>true</pk>
<indexState>Primary Constraint</indexState>
<isSurrogateKey>false</isSurrogateKey>
<indexColumnUsage>
<colUsage columnID="E25C3A33-32B2-226D-A5D1-20857404913B"/>
</indexColumnUsage>
</ind_PK_UK>
<ind_PK_UK id="9D9CB9F4-B390-48FC-9C8B-E302041F0EC6" name="customer_sales">
<createdBy>raykrishardi</createdBy>
<createdTime>2015-10-23 11:24:19 UTC</createdTime>
<generatorID>0411B73F-15C4-93FA-9257-4F7E413A248A</generatorID>
<ownerDesignName>logical_model</ownerDesignName>
<indexState>Foreign Key</indexState>
<isSurrogateKey>false</isSurrogateKey>
<indexColumnUsage>
<colUsage columnID="F72A8160-3357-E5DB-ED00-F90974D6B8D7"/>
</indexColumnUsage>
</ind_PK_UK>
<ind_PK_UK id="376309E4-CB03-FC57-29AF-2B73B7C96582" name="employee_sales">
<createdBy>raykrishardi</createdBy>
<createdTime>2015-10-23 11:24:19 UTC</createdTime>
<generatorID>F6F3F0CE-BB8A-819D-A4CA-392FA32517CE</generatorID>
<ownerDesignName>logical_model</ownerDesignName>
<indexState>Foreign Key</indexState>
<isSurrogateKey>false</isSurrogateKey>
<indexColumnUsage>
<colUsage columnID="C148CE36-E4F6-9345-E17D-5B55739A1D72"/>
</indexColumnUsage>
</ind_PK_UK>
</indexes>
</Table>