<?xml version = '1.0' encoding = 'UTF-8'?>
<Table class="oracle.dbtools.crest.model.design.relational.Table" directorySegmentName="seg_0" id="B53B4027-4D39-CE76-12E2-FC69B577768A" name="secondhand_vehicle">
<createdBy>raykrishardi</createdBy>
<createdTime>2015-10-23 11:24:19 UTC</createdTime>
<generatorID>D7EC1435-F850-0764-D28D-C4B92E3FF439</generatorID>
<ownerDesignName>logical_model</ownerDesignName>
<allowColumnReorder>false</allowColumnReorder>
<existDependencyGenerateInDDl>true</existDependencyGenerateInDDl>
<parsed>true</parsed>
<columns itemClass="oracle.dbtools.crest.model.design.relational.Column">
<Column name="secondhand_vehicleID" id="350EE89B-7BAB-E08C-CF11-FC231491E4C2">
<createdBy>raykrishardi</createdBy>
<createdTime>2015-10-23 11:24:19 UTC</createdTime>
<generatorID>CFFBBF66-64E4-168B-8D15-5E09A69C2B5C</generatorID>
<ownerDesignName>logical_model</ownerDesignName>
<useDomainConstraints>false</useDomainConstraints>
<use>1</use>
<logicalDatatype>LOGDT019</logicalDatatype>
<dataTypePrecision>8</dataTypePrecision>
<ownDataTypeParameters>,8,</ownDataTypeParameters>
<autoIncrementCycle>false</autoIncrementCycle>
</Column>
<Column name="regNumber" id="F0058979-D230-3409-F1F3-66829393DE5B">
<createdBy>raykrishardi</createdBy>
<createdTime>2015-10-23 11:24:19 UTC</createdTime>
<generatorID>100933D8-12E9-6D43-0B80-A0A7D33E5A47</generatorID>
<ownerDesignName>logical_model</ownerDesignName>
<useDomainConstraints>false</useDomainConstraints>
<use>1</use>
<logicalDatatype>LOGDT025</logicalDatatype>
<dataTypeSize>6</dataTypeSize>
<ownDataTypeParameters>6,,</ownDataTypeParameters>
<previousColumn>false</previousColumn>
<autoIncrementCycle>false</autoIncrementCycle>
<associations>
<colAssociation fkAssociation="69E5C146-8D37-0243-A643-61E37A847384" referredColumn="86B137D8-1DAB-91A7-B727-564A677B47A1"/>
</associations>
</Column>
<Column name="modelID" id="4C6851BF-2D89-4755-8192-0B77C5B88F03">
<createdBy>raykrishardi</createdBy>
<createdTime>2015-10-23 11:24:19 UTC</createdTime>
<generatorID>283C4CA8-19DD-EAFA-CDFE-EE703C523BC5</generatorID>
<ownerDesignName>logical_model</ownerDesignName>
<useDomainConstraints>false</useDomainConstraints>
<use>1</use>
<logicalDatatype>LOGDT019</logicalDatatype>
<dataTypePrecision>8</dataTypePrecision>
<ownDataTypeParameters>,8,</ownDataTypeParameters>
<previousColumn>false</previousColumn>
<autoIncrementCycle>false</autoIncrementCycle>
<associations>
<colAssociation fkAssociation="A2B9E7A1-1149-0932-0FC9-5748C4ED2E27" referredColumn="C503B2E1-3165-3F67-386F-5DAA4B92DB4B"/>
</associations>
</Column>
<Column name="dateAcquired" id="8D0575DF-F5C9-A8B5-45CD-649F316BFA02">
<createdBy>raykrishardi</createdBy>
<createdTime>2015-10-23 11:24:19 UTC</createdTime>
<generatorID>87FC990A-C884-8971-C4E2-49714702DB81</generatorID>
<ownerDesignName>logical_model</ownerDesignName>
<useDomainConstraints>false</useDomainConstraints>
<use>1</use>
<logicalDatatype>LOGDT007</logicalDatatype>
<ownDataTypeParameters>,,</ownDataTypeParameters>
<autoIncrementCycle>false</autoIncrementCycle>
</Column>
<Column name="previousOwnerID" id="C4CB505E-93B8-0272-E7B8-A70AECC3D3A0">
<createdBy>raykrishardi</createdBy>
<createdTime>2015-10-23 11:24:19 UTC</createdTime>
<generatorID>1651167C-E2E6-C42D-B747-FE9329D19E73</generatorID>
<ownerDesignName>logical_model</ownerDesignName>
<useDomainConstraints>false</useDomainConstraints>
<use>1</use>
<logicalDatatype>LOGDT019</logicalDatatype>
<dataTypePrecision>8</dataTypePrecision>
<ownDataTypeParameters>,8,</ownDataTypeParameters>
<previousColumn>false</previousColumn>
<autoIncrementCycle>false</autoIncrementCycle>
<associations>
<colAssociation fkAssociation="CF576528-F500-ACF6-FEBD-2C8D52C3AE0C" referredColumn="F389CA70-3887-0BFD-ABEB-FE35CAA6FD4B"/>
</associations>
</Column>
<Column name="odometerDistance" id="A05AC73B-6D80-1FEE-9091-3ACD87ABBD84">
<createdBy>raykrishardi</createdBy>
<createdTime>2015-10-23 11:24:19 UTC</createdTime>
<generatorID>868E47C2-FC40-5B83-9901-FA0F156D28B7</generatorID>
<ownerDesignName>logical_model</ownerDesignName>
<useDomainConstraints>false</useDomainConstraints>
<use>1</use>
<logicalDatatype>LOGDT024</logicalDatatype>
<dataTypeSize>6</dataTypeSize>
<ownDataTypeParameters>6,,</ownDataTypeParameters>
<autoIncrementCycle>false</autoIncrementCycle>
</Column>
<Column name="engineNumber" id="CDDB7815-DBCE-BB92-FB1B-9D7133709BAF">
<createdBy>raykrishardi</createdBy>
<createdTime>2015-10-23 11:24:19 UTC</createdTime>
<generatorID>E0865C73-861F-C28B-CFF1-082E12051BFF</generatorID>
<ownerDesignName>logical_model</ownerDesignName>
<useDomainConstraints>false</useDomainConstraints>
<use>1</use>
<logicalDatatype>LOGDT019</logicalDatatype>
<dataTypePrecision>8</dataTypePrecision>
<ownDataTypeParameters>,8,</ownDataTypeParameters>
<autoIncrementCycle>false</autoIncrementCycle>
</Column>
<Column name="bodyIdentificationNumber" id="8D401C81-B5DD-A091-B783-C700D665D4A7">
<createdBy>raykrishardi</createdBy>
<createdTime>2015-10-23 11:24:19 UTC</createdTime>
<generatorID>58A2AD3A-A441-F01D-AF56-1ECBACF196A1</generatorID>
<ownerDesignName>logical_model</ownerDesignName>
<useDomainConstraints>false</useDomainConstraints>
<use>1</use>
<logicalDatatype>LOGDT019</logicalDatatype>
<dataTypePrecision>8</dataTypePrecision>
<ownDataTypeParameters>,8,</ownDataTypeParameters>
<autoIncrementCycle>false</autoIncrementCycle>
</Column>
<Column name="amountPaid" id="F1D032D2-61A7-B3B2-BB4B-49605A586614">
<createdBy>raykrishardi</createdBy>
<createdTime>2015-10-23 11:24:19 UTC</createdTime>
<generatorID>108A3A60-7D69-A973-1797-835C15DD77D3</generatorID>
<ownerDesignName>logical_model</ownerDesignName>
<useDomainConstraints>false</useDomainConstraints>
<use>1</use>
<logicalDatatype>LOGDT019</logicalDatatype>
<dataTypePrecision>10</dataTypePrecision>
<ownDataTypeParameters>,10,</ownDataTypeParameters>
<autoIncrementCycle>false</autoIncrementCycle>
</Column>
</columns>
<indexes itemClass="oracle.dbtools.crest.model.design.relational.Index">
<ind_PK_UK id="0F536288-8F2E-E597-B5A6-B7AE4EC15F8F" name="secondhand_vehicle_PK">
<createdBy>raykrishardi</createdBy>
<createdTime>2015-10-23 11:24:19 UTC</createdTime>
<generatorID>4E39E9C1-1521-5B22-D254-302D5BA98D13</generatorID>
<ownerDesignName>logical_model</ownerDesignName>
<pk>true</pk>
<indexState>Primary Constraint</indexState>
<isSurrogateKey>false</isSurrogateKey>
<indexColumnUsage>
<colUsage columnID="350EE89B-7BAB-E08C-CF11-FC231491E4C2"/>
</indexColumnUsage>
</ind_PK_UK>
<ind_PK_UK id="775C85BF-E187-6195-DB33-AC83F72323F6" name="prevOwner_2ndhandvehicle">
<createdBy>raykrishardi</createdBy>
<createdTime>2015-10-23 11:24:19 UTC</createdTime>
<generatorID>D33E24DD-459F-40AE-AFE9-B1C7A0F66007</generatorID>
<ownerDesignName>logical_model</ownerDesignName>
<indexState>Foreign Key</indexState>
<isSurrogateKey>false</isSurrogateKey>
<indexColumnUsage>
<colUsage columnID="C4CB505E-93B8-0272-E7B8-A70AECC3D3A0"/>
</indexColumnUsage>
</ind_PK_UK>
<ind_PK_UK id="C91B7025-53D2-F9A7-5556-0CBCA34CCE88" name="secondhandcarvehicle_model">
<createdBy>raykrishardi</createdBy>
<createdTime>2015-10-23 11:24:19 UTC</createdTime>
<generatorID>D5ABB7E2-9577-3FA2-2032-A4CFA392C6D5</generatorID>
<ownerDesignName>logical_model</ownerDesignName>
<indexState>Foreign Key</indexState>
<isSurrogateKey>false</isSurrogateKey>
<indexColumnUsage>
<colUsage columnID="4C6851BF-2D89-4755-8192-0B77C5B88F03"/>
</indexColumnUsage>
</ind_PK_UK>
<ind_PK_UK id="F5F5862D-C912-E8F4-710F-A85098D67309" name="vehicle_secondhandvehicle">
<createdBy>raykrishardi</createdBy>
<createdTime>2015-10-23 11:24:19 UTC</createdTime>
<generatorID>3D65AB23-47EE-74E2-CDD4-BAD29750524E</generatorID>
<ownerDesignName>logical_model</ownerDesignName>
<indexState>Foreign Key</indexState>
<isSurrogateKey>false</isSurrogateKey>
<indexColumnUsage>
<colUsage columnID="F0058979-D230-3409-F1F3-66829393DE5B"/>
</indexColumnUsage>
</ind_PK_UK>
</indexes>
</Table>