<?xml version = '1.0' encoding = 'UTF-8'?>
<Table class="oracle.dbtools.crest.model.design.relational.Table" directorySegmentName="seg_0" id="B816E820-0708-87CF-FA88-0CA381B17A08" name="valuation_parts">
<createdBy>raykrishardi</createdBy>
<createdTime>2015-10-23 11:24:19 UTC</createdTime>
<generatorID>13D234F4-3A99-A674-EDA3-C718174FE416</generatorID>
<ownerDesignName>logical_model</ownerDesignName>
<allowColumnReorder>false</allowColumnReorder>
<existDependencyGenerateInDDl>true</existDependencyGenerateInDDl>
<parsed>true</parsed>
<columns itemClass="oracle.dbtools.crest.model.design.relational.Column">
<Column name="partsID" id="BD91D1A4-1D34-8F72-A647-274A57EE992C">
<createdBy>raykrishardi</createdBy>
<createdTime>2015-10-23 11:24:19 UTC</createdTime>
<generatorID>648D4460-CDB8-09D2-2BD2-3342AACF553A</generatorID>
<ownerDesignName>logical_model</ownerDesignName>
<useDomainConstraints>false</useDomainConstraints>
<use>1</use>
<logicalDatatype>LOGDT019</logicalDatatype>
<dataTypePrecision>8</dataTypePrecision>
<ownDataTypeParameters>,8,</ownDataTypeParameters>
<previousColumn>false</previousColumn>
<autoIncrementCycle>false</autoIncrementCycle>
<associations>
<colAssociation fkAssociation="E48D8D20-ABA2-B1C6-12AC-FD91B958E300" referredColumn="346A79C0-FA1E-7D25-4153-0F868DC113AF"/>
</associations>
</Column>
<Column name="valuationID" id="36B3DF63-3FD8-BE40-04E4-F03B921E0A2E">
<createdBy>raykrishardi</createdBy>
<createdTime>2015-10-23 11:24:19 UTC</createdTime>
<generatorID>66D61389-10F5-5F54-3069-0295358E889E</generatorID>
<ownerDesignName>logical_model</ownerDesignName>
<useDomainConstraints>false</useDomainConstraints>
<use>1</use>
<logicalDatatype>LOGDT019</logicalDatatype>
<dataTypePrecision>8</dataTypePrecision>
<ownDataTypeParameters>,8,</ownDataTypeParameters>
<previousColumn>false</previousColumn>
<autoIncrementCycle>false</autoIncrementCycle>
<associations>
<colAssociation fkAssociation="0044E036-B187-E65B-60B9-EF6EF17944CC" referredColumn="C434DE31-A5B8-2E98-68A5-4B98402FF91E"/>
</associations>
</Column>
</columns>
<indexes itemClass="oracle.dbtools.crest.model.design.relational.Index">
<ind_PK_UK id="D51AFD28-7386-49AD-190F-939EEAFA178F" name="valuation_parts_PK">
<createdBy>raykrishardi</createdBy>
<createdTime>2015-10-23 11:24:19 UTC</createdTime>
<generatorID>DAF44B6D-02D2-DB8E-7377-89B234566149</generatorID>
<ownerDesignName>logical_model</ownerDesignName>
<pk>true</pk>
<indexState>Primary Constraint</indexState>
<isSurrogateKey>false</isSurrogateKey>
<indexColumnUsage>
<colUsage columnID="BD91D1A4-1D34-8F72-A647-274A57EE992C"/>
<colUsage columnID="36B3DF63-3FD8-BE40-04E4-F03B921E0A2E"/>
</indexColumnUsage>
</ind_PK_UK>
<ind_PK_UK id="85A9884F-8A14-1FDC-0F52-712978A378CF" name="parts_valuation">
<createdBy>raykrishardi</createdBy>
<createdTime>2015-10-23 11:24:19 UTC</createdTime>
<generatorID>0ADAB232-718B-BBC7-A33F-BA2389859FAC</generatorID>
<ownerDesignName>logical_model</ownerDesignName>
<indexState>Foreign Key</indexState>
<isSurrogateKey>false</isSurrogateKey>
<indexColumnUsage>
<colUsage columnID="BD91D1A4-1D34-8F72-A647-274A57EE992C"/>
</indexColumnUsage>
</ind_PK_UK>
<ind_PK_UK id="5748B813-3F2B-D7A1-39A8-4841CB51E999" name="valuation_parts">
<createdBy>raykrishardi</createdBy>
<createdTime>2015-10-23 11:24:19 UTC</createdTime>
<generatorID>6D7C4C1F-D9F1-9B7E-9E5B-9F61C39375DF</generatorID>
<ownerDesignName>logical_model</ownerDesignName>
<indexState>Foreign Key</indexState>
<isSurrogateKey>false</isSurrogateKey>
<indexColumnUsage>
<colUsage columnID="36B3DF63-3FD8-BE40-04E4-F03B921E0A2E"/>
</indexColumnUsage>
</ind_PK_UK>
</indexes>
</Table>