<?xml version = '1.0' encoding = 'UTF-8'?>
<Table class="oracle.dbtools.crest.model.design.relational.Table" directorySegmentName="seg_0" id="BB41A59A-A272-0ED3-96BD-CB39179C83B3" name="supplier_manufacturer">
<createdBy>raykrishardi</createdBy>
<createdTime>2015-10-23 11:24:19 UTC</createdTime>
<generatorID>EC1748F3-AD53-C9D5-5651-A7F5B0BC342C</generatorID>
<ownerDesignName>logical_model</ownerDesignName>
<allowColumnReorder>false</allowColumnReorder>
<existDependencyGenerateInDDl>true</existDependencyGenerateInDDl>
<parsed>true</parsed>
<columns itemClass="oracle.dbtools.crest.model.design.relational.Column">
<Column name="supplierID" id="4CC8BB31-6AAE-6274-7FFF-413DC3608A89">
<createdBy>raykrishardi</createdBy>
<createdTime>2015-10-23 11:24:19 UTC</createdTime>
<generatorID>FE38171E-8BFD-B898-5875-AE0553BDF9BE</generatorID>
<ownerDesignName>logical_model</ownerDesignName>
<useDomainConstraints>false</useDomainConstraints>
<use>1</use>
<logicalDatatype>LOGDT019</logicalDatatype>
<dataTypePrecision>8</dataTypePrecision>
<ownDataTypeParameters>,8,</ownDataTypeParameters>
<previousColumn>false</previousColumn>
<autoIncrementCycle>false</autoIncrementCycle>
<associations>
<colAssociation fkAssociation="237FC80E-4C51-8AE2-E65F-02B29DDBA013" referredColumn="53D35D5A-9F26-F056-31C4-D26D6DDCD239"/>
</associations>
</Column>
<Column name="manufacturerID" id="7FE59D7E-34F2-60B6-87E1-812BAA20FB83">
<createdBy>raykrishardi</createdBy>
<createdTime>2015-10-23 11:24:19 UTC</createdTime>
<generatorID>FDDAF427-6A7E-B573-FCD4-918516EA7008</generatorID>
<ownerDesignName>logical_model</ownerDesignName>
<useDomainConstraints>false</useDomainConstraints>
<use>1</use>
<logicalDatatype>LOGDT019</logicalDatatype>
<dataTypePrecision>8</dataTypePrecision>
<ownDataTypeParameters>,8,</ownDataTypeParameters>
<previousColumn>false</previousColumn>
<autoIncrementCycle>false</autoIncrementCycle>
<associations>
<colAssociation fkAssociation="DC18184F-2099-4A7F-F3D0-F34E4523BA46" referredColumn="E50BA6B6-9FBE-246E-333A-2C910D434621"/>
</associations>
</Column>
</columns>
<indexes itemClass="oracle.dbtools.crest.model.design.relational.Index">
<ind_PK_UK id="2856A5B7-6DF2-6587-25FF-6FB46A2D4D0E" name="supplier_manufacturer_PK">
<createdBy>raykrishardi</createdBy>
<createdTime>2015-10-23 11:24:19 UTC</createdTime>
<generatorID>9B6BC75E-344B-690B-B8AC-C0674EB72E5F</generatorID>
<ownerDesignName>logical_model</ownerDesignName>
<pk>true</pk>
<indexState>Primary Constraint</indexState>
<isSurrogateKey>false</isSurrogateKey>
<indexColumnUsage>
<colUsage columnID="4CC8BB31-6AAE-6274-7FFF-413DC3608A89"/>
<colUsage columnID="7FE59D7E-34F2-60B6-87E1-812BAA20FB83"/>
</indexColumnUsage>
</ind_PK_UK>
<ind_PK_UK id="40A56800-249C-2D29-B08B-FD7A5BE9D435" name="supplier_manufacturerv1">
<createdBy>raykrishardi</createdBy>
<createdTime>2015-10-23 11:24:19 UTC</createdTime>
<generatorID>B1380D71-9784-C748-B225-FED70A0C543C</generatorID>
<ownerDesignName>logical_model</ownerDesignName>
<indexState>Foreign Key</indexState>
<isSurrogateKey>false</isSurrogateKey>
<indexColumnUsage>
<colUsage columnID="4CC8BB31-6AAE-6274-7FFF-413DC3608A89"/>
</indexColumnUsage>
</ind_PK_UK>
<ind_PK_UK id="DFD85923-CD87-9BB6-298B-2DD85D0AC211" name="supplier_manufacturerv2">
<createdBy>raykrishardi</createdBy>
<createdTime>2015-10-23 11:24:19 UTC</createdTime>
<generatorID>B61156B2-B17B-3D69-E5F2-480DD397296E</generatorID>
<ownerDesignName>logical_model</ownerDesignName>
<indexState>Foreign Key</indexState>
<isSurrogateKey>false</isSurrogateKey>
<indexColumnUsage>
<colUsage columnID="7FE59D7E-34F2-60B6-87E1-812BAA20FB83"/>
</indexColumnUsage>
</ind_PK_UK>
</indexes>
</Table>