<?xml version = '1.0' encoding = 'UTF-8'?>
<Table class="oracle.dbtools.crest.model.design.relational.Table" directorySegmentName="seg_0" id="DD8788B6-ACB5-F43F-C881-2A535FC77279" name="employee_certificate">
<createdBy>raykrishardi</createdBy>
<createdTime>2015-10-23 11:24:19 UTC</createdTime>
<generatorID>946C653A-9A85-1548-2A02-3EF2D54957C2</generatorID>
<ownerDesignName>logical_model</ownerDesignName>
<allowColumnReorder>false</allowColumnReorder>
<existDependencyGenerateInDDl>true</existDependencyGenerateInDDl>
<parsed>true</parsed>
<columns itemClass="oracle.dbtools.crest.model.design.relational.Column">
<Column name="certificateID" id="52CA8D14-2676-24C4-2994-D79083412D01">
<createdBy>raykrishardi</createdBy>
<createdTime>2015-10-23 11:24:19 UTC</createdTime>
<generatorID>D7127D36-C294-8B73-68B8-8BDA3A7A7188</generatorID>
<ownerDesignName>logical_model</ownerDesignName>
<useDomainConstraints>false</useDomainConstraints>
<use>1</use>
<logicalDatatype>LOGDT019</logicalDatatype>
<dataTypePrecision>8</dataTypePrecision>
<ownDataTypeParameters>,8,</ownDataTypeParameters>
<previousColumn>false</previousColumn>
<autoIncrementCycle>false</autoIncrementCycle>
<associations>
<colAssociation fkAssociation="881BF18F-2874-8203-339C-BFC9C68AF12A" referredColumn="9BE6843B-6BD3-4EA4-A54C-074D90F1E693"/>
</associations>
</Column>
<Column name="employeeID" id="5A3FAEDB-D3FA-4DB7-08A3-6C5091DED540">
<createdBy>raykrishardi</createdBy>
<createdTime>2015-10-23 11:24:19 UTC</createdTime>
<generatorID>3F938CB8-AB51-BF44-9126-7DC2BBD76DA0</generatorID>
<ownerDesignName>logical_model</ownerDesignName>
<useDomainConstraints>false</useDomainConstraints>
<use>1</use>
<logicalDatatype>LOGDT025</logicalDatatype>
<dataTypeSize>6</dataTypeSize>
<ownDataTypeParameters>6,,</ownDataTypeParameters>
<previousColumn>false</previousColumn>
<autoIncrementCycle>false</autoIncrementCycle>
<associations>
<colAssociation fkAssociation="771D29E1-94E8-5A3F-7547-0EC123F0AD15" referredColumn="730C83DE-A0B2-B0E2-1B28-B4C718E8C6A8"/>
</associations>
</Column>
</columns>
<indexes itemClass="oracle.dbtools.crest.model.design.relational.Index">
<ind_PK_UK id="73401060-B292-2783-37A2-24E9B34AB7E2" name="employee_certificate_PK">
<createdBy>raykrishardi</createdBy>
<createdTime>2015-10-23 11:24:19 UTC</createdTime>
<generatorID>746109AC-9A2E-1966-6405-C54E49F9858F</generatorID>
<ownerDesignName>logical_model</ownerDesignName>
<pk>true</pk>
<indexState>Primary Constraint</indexState>
<isSurrogateKey>false</isSurrogateKey>
<indexColumnUsage>
<colUsage columnID="52CA8D14-2676-24C4-2994-D79083412D01"/>
<colUsage columnID="5A3FAEDB-D3FA-4DB7-08A3-6C5091DED540"/>
</indexColumnUsage>
</ind_PK_UK>
<ind_PK_UK id="3BB9497C-7552-50C1-02FD-8D5A65395A34" name="certificate_employee">
<createdBy>raykrishardi</createdBy>
<createdTime>2015-10-23 11:24:19 UTC</createdTime>
<generatorID>2F971938-06E7-C43B-DEE6-4FDA728B4DC5</generatorID>
<ownerDesignName>logical_model</ownerDesignName>
<indexState>Foreign Key</indexState>
<isSurrogateKey>false</isSurrogateKey>
<indexColumnUsage>
<colUsage columnID="52CA8D14-2676-24C4-2994-D79083412D01"/>
</indexColumnUsage>
</ind_PK_UK>
<ind_PK_UK id="F8FF1CE3-FD70-F2EC-B461-593FCEE60070" name="employee_certificate">
<createdBy>raykrishardi</createdBy>
<createdTime>2015-10-23 11:24:19 UTC</createdTime>
<generatorID>F54EEAD2-2BBA-EC61-F76A-8D732AD4F9F1</generatorID>
<ownerDesignName>logical_model</ownerDesignName>
<indexState>Foreign Key</indexState>
<isSurrogateKey>false</isSurrogateKey>
<indexColumnUsage>
<colUsage columnID="5A3FAEDB-D3FA-4DB7-08A3-6C5091DED540"/>
</indexColumnUsage>
</ind_PK_UK>
</indexes>
</Table>