<?xml version = '1.0' encoding = 'UTF-8'?>
<Table class="oracle.dbtools.crest.model.design.relational.Table" directorySegmentName="seg_0" id="EDA88C89-C06A-F813-2BBB-9C451E253952" name="sales_payment">
<createdBy>raykrishardi</createdBy>
<createdTime>2015-10-23 11:24:19 UTC</createdTime>
<generatorID>4C4B60C8-8291-4394-BC3E-DFD862EF16E1</generatorID>
<ownerDesignName>logical_model</ownerDesignName>
<allowColumnReorder>false</allowColumnReorder>
<existDependencyGenerateInDDl>true</existDependencyGenerateInDDl>
<parsed>true</parsed>
<columns itemClass="oracle.dbtools.crest.model.design.relational.Column">
<Column name="salesNumber" id="4A4BB6B5-6C10-1D5B-4FF1-F0E5D93A0CCD">
<createdBy>raykrishardi</createdBy>
<createdTime>2015-10-23 11:24:19 UTC</createdTime>
<generatorID>D62B3AD4-495F-3A81-70C0-2DC091E6F156</generatorID>
<ownerDesignName>logical_model</ownerDesignName>
<useDomainConstraints>false</useDomainConstraints>
<use>1</use>
<logicalDatatype>LOGDT019</logicalDatatype>
<dataTypePrecision>8</dataTypePrecision>
<ownDataTypeParameters>,8,</ownDataTypeParameters>
<previousColumn>false</previousColumn>
<autoIncrementCycle>false</autoIncrementCycle>
<associations>
<colAssociation fkAssociation="D0DE088C-CDF6-BE17-479A-11DBD5225109" referredColumn="E25C3A33-32B2-226D-A5D1-20857404913B"/>
</associations>
</Column>
<Column name="paymentID" id="4F892CFA-0938-2F6F-F8DE-263F95B3D47E">
<createdBy>raykrishardi</createdBy>
<createdTime>2015-10-23 11:24:19 UTC</createdTime>
<generatorID>55C5B414-5079-B66D-98B9-E6647AA9A89B</generatorID>
<ownerDesignName>logical_model</ownerDesignName>
<useDomainConstraints>false</useDomainConstraints>
<use>1</use>
<logicalDatatype>LOGDT025</logicalDatatype>
<dataTypeSize>9</dataTypeSize>
<ownDataTypeParameters>9,,</ownDataTypeParameters>
<previousColumn>false</previousColumn>
<autoIncrementCycle>false</autoIncrementCycle>
<associations>
<colAssociation fkAssociation="D976C395-CCA6-05BB-C96B-AE20BDB7F189" referredColumn="8043E923-9B4B-B674-1C80-B8080B1F8724"/>
</associations>
</Column>
</columns>
<indexes itemClass="oracle.dbtools.crest.model.design.relational.Index">
<ind_PK_UK id="5C000D2A-DB74-62D8-7748-70E03E5CA7D1" name="sales_payment_PK">
<createdBy>raykrishardi</createdBy>
<createdTime>2015-10-23 11:24:19 UTC</createdTime>
<generatorID>6A36CF0E-6EBB-9E8F-294F-55F59867857B</generatorID>
<ownerDesignName>logical_model</ownerDesignName>
<pk>true</pk>
<indexState>Primary Constraint</indexState>
<isSurrogateKey>false</isSurrogateKey>
<indexColumnUsage>
<colUsage columnID="4A4BB6B5-6C10-1D5B-4FF1-F0E5D93A0CCD"/>
</indexColumnUsage>
</ind_PK_UK>
<ind_PK_UK id="5D70A7E2-C655-0D4A-2219-C0488FDD51D1" name="sales_payment__IDX">
<createdBy>raykrishardi</createdBy>
<createdTime>2015-10-23 11:24:19 UTC</createdTime>
<ownerDesignName>logical_model</ownerDesignName>
<indexState>Unique Plain Index</indexState>
<isSurrogateKey>false</isSurrogateKey>
<relationGeneratorID>BD69A382-8A82-8CA0-78FC-83746EBA9C21</relationGeneratorID>
<indexColumnUsage>
<colUsage columnID="4F892CFA-0938-2F6F-F8DE-263F95B3D47E"/>
</indexColumnUsage>
</ind_PK_UK>
<ind_PK_UK id="22965197-CE1F-0F64-45FD-D3863B34A87B" name="sales_payment">
<createdBy>raykrishardi</createdBy>
<createdTime>2015-10-23 11:24:19 UTC</createdTime>
<generatorID>BD69A382-8A82-8CA0-78FC-83746EBA9C21</generatorID>
<ownerDesignName>logical_model</ownerDesignName>
<indexState>Foreign Key</indexState>
<isSurrogateKey>false</isSurrogateKey>
<indexColumnUsage>
<colUsage columnID="4F892CFA-0938-2F6F-F8DE-263F95B3D47E"/>
</indexColumnUsage>
</ind_PK_UK>
<ind_PK_UK id="DB2BF3F5-2D19-2898-A420-7D78E4E5C09D" name="sales_paymentv1v1">
<createdBy>raykrishardi</createdBy>
<createdTime>2015-10-23 11:24:19 UTC</createdTime>
<generatorID>1E9071B5-38D4-E3CC-C66D-476E88B1ADFF</generatorID>
<ownerDesignName>logical_model</ownerDesignName>
<indexState>Foreign Key</indexState>
<isSurrogateKey>false</isSurrogateKey>
<indexColumnUsage>
<colUsage columnID="4A4BB6B5-6C10-1D5B-4FF1-F0E5D93A0CCD"/>
</indexColumnUsage>
</ind_PK_UK>
</indexes>
</Table>