<?xml version = '1.0' encoding = 'UTF-8'?>
<Table class="oracle.dbtools.crest.model.design.relational.Table" directorySegmentName="seg_0" id="F13BAFDE-3247-9FA2-83D6-06B83AD3013C" name="manufacturer">
<createdBy>raykrishardi</createdBy>
<createdTime>2015-10-23 11:24:19 UTC</createdTime>
<generatorID>BC564D71-697C-DFB2-3EA6-FC1A53D8E481</generatorID>
<ownerDesignName>logical_model</ownerDesignName>
<allowColumnReorder>false</allowColumnReorder>
<existDependencyGenerateInDDl>true</existDependencyGenerateInDDl>
<parsed>true</parsed>
<columns itemClass="oracle.dbtools.crest.model.design.relational.Column">
<Column name="manufacturerID" id="E50BA6B6-9FBE-246E-333A-2C910D434621">
<createdBy>raykrishardi</createdBy>
<createdTime>2015-10-23 11:24:19 UTC</createdTime>
<generatorID>DA6CE3FA-60F3-C1E1-24D4-F4B4442638B6</generatorID>
<ownerDesignName>logical_model</ownerDesignName>
<useDomainConstraints>false</useDomainConstraints>
<use>1</use>
<logicalDatatype>LOGDT019</logicalDatatype>
<dataTypePrecision>8</dataTypePrecision>
<ownDataTypeParameters>,8,</ownDataTypeParameters>
<autoIncrementCycle>false</autoIncrementCycle>
</Column>
<Column name="manufacturerName" id="6849ECF2-6723-A85C-52AF-34C1B6F9B6C8">
<createdBy>raykrishardi</createdBy>
<createdTime>2015-10-23 11:24:19 UTC</createdTime>
<generatorID>B4D5C731-4301-4805-39D0-3C512677DB84</generatorID>
<ownerDesignName>logical_model</ownerDesignName>
<useDomainConstraints>false</useDomainConstraints>
<use>1</use>
<logicalDatatype>LOGDT024</logicalDatatype>
<dataTypeSize>20</dataTypeSize>
<ownDataTypeParameters>20,,</ownDataTypeParameters>
<autoIncrementCycle>false</autoIncrementCycle>
</Column>
</columns>
<indexes itemClass="oracle.dbtools.crest.model.design.relational.Index">
<ind_PK_UK id="249BF1F7-DC88-333F-3670-1A1D668A554F" name="manufacturer_PK">
<createdBy>raykrishardi</createdBy>
<createdTime>2015-10-23 11:24:19 UTC</createdTime>
<generatorID>71A7A7E0-BFD3-CB2B-B14B-04B15D1E361B</generatorID>
<ownerDesignName>logical_model</ownerDesignName>
<pk>true</pk>
<indexState>Primary Constraint</indexState>
<isSurrogateKey>false</isSurrogateKey>
<indexColumnUsage>
<colUsage columnID="E50BA6B6-9FBE-246E-333A-2C910D434621"/>
</indexColumnUsage>
</ind_PK_UK>
</indexes>
</Table>