<?xml version = '1.0' encoding = 'UTF-8'?>
<relationalModel class="oracle.dbtools.crest.model.design.relational.RelationalDesign" name="Relational_1" id="7D244578-F146-DE18-5D12-95A53A971BD5" mainViewID="4265B17C-02E5-942C-2B4B-9535D2BF81FD">
<createdBy>raykrishardi</createdBy>
<createdTime>2015-10-23 11:24:08 UTC</createdTime>
<ownerDesignName>logical_model</ownerDesignName>
<shouldBeOpen>false</shouldBeOpen>
<selectedRDBMSSite>32076570-2523-435C-2E92-BF29817DFF70</selectedRDBMSSite>
</relationalModel>